t_days,T_mean,T_min,T_max,M_mean,M_min,M_max,W_mean,W_min,W_max,N_mean,N_min,N_max
0,25,25,25,0.16,0.16,0.16,0.012,0.012,0.012,50,50,50
0.04166666667,24.96962875,24.7864828,24.99671799,0.1599878028,0.1599768163,0.1599895103,0.01888537385,0.01820038275,0.01899328814,50.20587873,50.20255283,50.20637463
0.08333333333,24.9534157,24.59012757,25.00769728,0.1599858723,0.1599629576,0.1599894878,0.01886409615,0.01795682728,0.01900843961,50.41189385,50.39896589,50.41385723
0.125,24.93740365,24.3986093,25.01869348,0.1599839568,0.1599494741,0.1599894654,0.01884317085,0.01772184139,0.01902354824,50.6180756,50.5895596,50.62248522
0.1666666667,24.92158968,24.21178964,25.02970648,0.159982056,0.1599363498,0.1599894429,0.01882265622,0.01749507734,0.01903869101,50.82442489,50.77462734,50.83226516
0.2083333333,24.90597104,24.02953505,25.04073631,0.1599801696,0.1599235697,0.1599894203,0.01880254184,0.01727617357,0.01905386803,51.03094315,50.95445784,51.04320367
0.25,24.89054506,23.85171653,25.051783,0.1599782973,0.1599111196,0.1599893977,0.01878281765,0.01706478786,0.0190690794,51.2376323,51.12933348,51.25530736
0.2916666667,24.87530909,23.67820939,25.06284658,0.1599764389,0.1598989859,0.1599893751,0.01876347394,0.01686059599,0.01908432522,51.4444947,51.29952891,51.4685829
0.3333333333,24.86026056,23.50889309,25.0739271,0.1599745941,0.1598871557,0.1599893524,0.01874450133,0.01666329073,0.01909960561,51.65153314,51.46531004,51.68303697
0.375,24.84539692,23.34365104,25.08502457,0.1599727626,0.1598756167,0.1599893297,0.01872589077,0.01647258069,0.01911492066,51.85875074,51.62693321,51.89867629
0.4166666667,24.83071567,23.18237044,25.09613904,0.1599709443,0.1598643571,0.1599893069,0.0187076335,0.01628818944,0.01913027049,52.066151,51.78464469,52.1155076
0.4583333333,24.81621438,23.02494214,25.10727053,0.1599691389,0.1598533658,0.159989284,0.01868972106,0.01610985452,0.01914565519,52.27373769,51.93868025,52.33353767
0.5,24.80189062,22.87126044,25.11841909,0.1599673461,0.1598426321,0.1599892612,0.01867214528,0.01593732667,0.01916107488,52.48151489,52.089265,52.55277327
0.5416666667,24.78774205,22.72122301,25.12958473,0.1599655657,0.1598321458,0.1599892382,0.01865489825,0.01577036903,0.01917652965,52.6894869,52.23661329,52.77322122
0.5833333333,24.77376633,22.57473073,25.14076751,0.1599637976,0.1598218972,0.1599892152,0.0186379723,0.01560875639,0.01919201962,52.89765827,52.38092877,52.99488834
0.625,24.75996118,22.43168757,25.15196744,0.1599620414,0.1598118771,0.1599891922,0.01862136005,0.01545227453,0.01920754488,53.10603371,52.52240452,53.21778148
0.6666666667,24.74632435,22.29200046,25.16318457,0.1599602971,0.1598020765,0.1599891691,0.01860505431,0.01530071961,0.01922310556,53.31461817,52.66122329,53.44190747
0.7083333333,24.73285364,22.1555792,25.17441892,0.1599585643,0.1597924871,0.1599891459,0.01858904814,0.01515389754,0.01923870176,53.5234167,52.79755772,53.66727318
0.75,24.71954688,22.02233634,25.18567053,0.1599568429,0.1597831008,0.1599891227,0.01857333484,0.01501162346,0.01925433358,53.73243452,52.93157074,53.89388546
0.7916666667,24.70640193,21.89218709,25.19693943,0.1599551327,0.1597739097,0.1599890994,0.01855790787,0.0148737212,0.01927000113,53.94167697,53.06341583,54.12175117
0.8333333333,24.6934167,21.76504922,25.20822565,0.1599534335,0.1597649067,0.1599890761,0.01854276092,0.01474002281,0.01928570452,54.1511495,53.19323748,54.35087716
0.875,24.68058912,21.64084295,25.21952924,0.1599517452,0.1597560845,0.1599890527,0.01852788789,0.01461036814,0.01930144386,54.36085764,53.32117153,54.58127027
0.9166666667,24.66791716,21.51949088,25.23085022,0.1599500674,0.1597474364,0.1599890293,0.01851328284,0.01448460435,0.01931721925,54.57080702,53.44734561,54.81293732
0.9583333333,24.65539882,21.40091794,25.24218862,0.1599484001,0.159738956,0.1599890059,0.01849894001,0.01436258558,0.01933303082,54.78100332,53.57187953,55.04588511
1,24.64303214,21.28505124,25.25354448,0.1599467431,0.1597306371,0.1599889823,0.01848485382,0.01424417254,0.01934887866,54.99145228,53.69488566,55.28012042
1.041666667,24.63081518,21.17182005,25.26491783,0.1599450962,0.1597224737,0.1599889587,0.01847101886,0.01412923217,0.01936476289,55.20215969,53.8164694,55.51564999
1.083333333,24.61874604,21.06115572,25.27630871,0.1599434592,0.1597144602,0.1599889351,0.01845742988,0.01401763733,0.01938068361,55.41313137,53.93672949,55.75248053
1.125,24.60682285,20.95299157,25.28771714,0.159941832,0.1597065911,0.1599889114,0.01844408177,0.01390926646,0.01939664095,55.62437318,54.05575846,55.99061869
1.166666667,24.59504377,20.84726289,25.29914317,0.1599402144,0.1596988612,0.1599888877,0.01843096959,0.01380400333,0.019412635,55.83589098,54.17364295,56.23007109
1.208333333,24.58340697,20.74390681,25.31058682,0.1599386063,0.1596912655,0.1599888639,0.01841808851,0.01370173672,0.01942866588,56.04769065,54.29046409,56.47084429
1.25,24.57191068,20.64286229,25.32204813,0.1599370076,0.1596837991,0.15998884,0.01840543387,0.01360236023,0.0194447337,56.25977808,54.40629782,56.7129448
1.291666667,24.56055314,20.54407005,25.33352714,0.1599354179,0.1596764576,0.1599888161,0.01839300114,0.01350577195,0.01946083858,56.47215917,54.52121525,56.95637905
1.333333333,24.54933261,20.44747246,25.34502386,0.1599338373,0.1596692365,0.1599887921,0.01838078589,0.01341187433,0.01947698061,56.68483977,54.63528292,57.20115341
1.375,24.5382474,20.35301358,25.35653835,0.1599322656,0.1596621316,0.1599887681,0.01836878384,0.01332057391,0.01949315993,56.89782577,54.74856313,57.44727419
1.416666667,24.52729582,20.26063904,25.36807063,0.1599307026,0.1596551387,0.159988744,0.01835699082,0.0132317811,0.01950937663,57.11112302,54.86111419,57.6947476
1.458333333,24.51647623,20.170296,25.37962073,0.1599291482,0.159648254,0.1599887199,0.01834540279,0.01314541004,0.01952563084,57.32473734,54.97299071,57.94357978
1.5,24.50578699,20.08193311,25.39118869,0.1599276022,0.1596414738,0.1599886957,0.01833401578,0.01306137841,0.01954192266,57.53867454,55.08424383,58.19377678
1.541666667,24.49522651,19.99550047,25.40277454,0.1599260646,0.1596347944,0.1599886714,0.01832282598,0.01297960723,0.01955825221,57.7529404,55.19492143,58.44534457
1.583333333,24.48479321,19.91094959,25.41437831,0.1599245352,0.1596282124,0.1599886471,0.01831182965,0.01290002072,0.0195746196,57.96754067,55.30506838,58.69828901
1.625,24.47448553,19.8282333,25.42600005,0.1599230139,0.1596217244,0.1599886227,0.01830102315,0.01282254614,0.01959102495,58.18248105,55.41472674,58.95261587
1.666666667,24.46430194,19.74730578,25.43763977,0.1599215005,0.1596153273,0.1599885983,0.01829040296,0.01274711367,0.01960746837,58.39776723,55.52393594,59.20833083
1.708333333,24.45424095,19.66812246,25.44929752,0.159919995,0.159609018,0.1599885738,0.01827996563,0.01267365626,0.01962394997,58.61340483,55.63273294,59.46543946
1.75,24.44430105,19.59064001,25.46097332,0.1599184971,0.1596027936,0.1599885493,0.01826970781,0.01260210946,0.01964046987,58.82939947,55.74115244,59.7239472
1.791666667,24.4344808,19.5148163,25.47266722,0.1599170069,0.1595966511,0.1599885247,0.01825962624,0.01253241139,0.01965702819,59.04575669,55.849227,59.98385942
1.833333333,24.42477875,19.44061035,25.48437924,0.1599155241,0.1595905879,0.1599885,0.01824971774,0.01246450255,0.01967362503,59.262482,55.95698721,60.24518135
1.875,24.41519348,19.36798232,25.49610941,0.1599140487,0.1595846013,0.1599884753,0.01823997922,0.01239832571,0.01969026052,59.47958086,56.06446178,60.50791813
1.916666667,24.40572359,19.29689344,25.50785777,0.1599125806,0.1595786888,0.1599884505,0.01823040765,0.01233382588,0.01970693477,59.6970587,56.17167774,60.77207476
1.958333333,24.39636771,19.22730602,25.51962436,0.1599111196,0.1595728479,0.1599884256,0.0182210001,0.01227095011,0.0197236479,59.91492089,56.27866048,61.03765613
2,24.38712448,19.15918338,25.5314092,0.1599096657,0.1595670764,0.1599884007,0.0182117537,0.01220964748,0.01974040002,60.13317273,56.38543392,61.30466703
2.041666667,24.37799256,19.09248985,25.54321232,0.1599082187,0.1595613719,0.1599883758,0.01820266565,0.01214986899,0.01975719124,60.35181951,56.49202058,61.57311211
2.083333333,24.36897064,19.02719071,25.55503377,0.1599067785,0.1595557323,0.1599883507,0.01819373324,0.01209156743,0.01977402169,60.57086644,56.59844166,61.84299591
2.125,24.36005742,18.96325219,25.56687356,0.1599053451,0.1595501555,0.1599883256,0.01818495381,0.01203469737,0.01979089148,60.79031869,56.70471717,62.11432284
2.166666667,24.35125161,18.90064143,25.57873175,0.1599039183,0.1595446394,0.1599883005,0.01817632475,0.01197921503,0.01980780073,61.01018139,56.810866,62.3870972
2.208333333,24.34255196,18.83932645,25.59060835,0.1599024981,0.1595391821,0.1599882752,0.01816784356,0.01192507825,0.01982474956,61.23045959,56.91690595,62.66132315
2.25,24.33395722,18.77927612,25.6025034,0.1599010843,0.1595337818,0.1599882499,0.01815950775,0.0118722464,0.01984173808,61.45115831,57.02285387,62.93700476
2.291666667,24.32546618,18.72046015,25.61441693,0.1598996769,0.1595284366,0.1599882246,0.01815131493,0.01182068028,0.01985876641,61.67228251,57.12872567,63.21414593
2.333333333,24.31707762,18.66284907,25.62634898,0.1598982758,0.1595231447,0.1599881992,0.01814326273,0.01177034215,0.01987583467,61.8938371,57.23453641,63.49275048
2.375,24.30879035,18.60641416,25.63829957,0.1598968808,0.1595179045,0.1599881737,0.01813534888,0.01172119557,0.01989294297,62.11582694,57.34030037,63.77282209
2.416666667,24.30060321,18.55112751,25.65026874,0.1598954919,0.1595127144,0.1599881481,0.01812757113,0.01167320542,0.01991009144,62.33825683,57.44603105,64.05436432
2.458333333,24.29251504,18.4969619,25.66225652,0.1598941091,0.1595075728,0.1599881225,0.01811992729,0.0116263378,0.01992728019,62.56113152,57.55174127,64.3373806
2.5,24.2845247,18.44389087,25.67426294,0.1598927321,0.1595024782,0.1599880968,0.01811241524,0.01158056,0.01994450934,62.78445572,57.65744319,64.62187426
2.541666667,24.27663107,18.39188862,25.68628804,0.159891361,0.1594974291,0.159988071,0.01810503288,0.01153584045,0.01996177901,63.00823406,57.76314837,64.90784849
2.583333333,24.26883304,18.34093006,25.69833184,0.1598899957,0.1594924241,0.1599880452,0.01809777818,0.01149214867,0.01997908932,63.23247116,57.86886779,65.19530637
2.625,24.26112952,18.29099074,25.71039438,0.159888636,0.1594874619,0.1599880193,0.01809064914,0.01144945522,0.01999644038,63.45717154,57.97461189,65.48425086
2.666666667,24.25351943,18.24204685,25.72247569,0.1598872819,0.1594825411,0.1599879933,0.01808364383,0.01140773168,0.02001383233,63.6823397,58.08039062,65.7746848
2.708333333,24.24600173,18.19407521,25.73457579,0.1598859334,0.1594776605,0.1599879673,0.01807676034,0.01136695057,0.02003126526,63.90798009,58.18621346,66.06661093
2.75,24.23857535,18.14705323,25.74669473,0.1598845903,0.1594728189,0.1599879412,0.01806999682,0.01132708537,0.02004873931,64.1340971,58.29208945,66.36003185
2.791666667,24.23123928,18.10095893,25.75883253,0.1598832526,0.159468015,0.159987915,0.01806335145,0.01128811043,0.0200662546,64.36069506,58.39802721,66.65495007
2.833333333,24.2239925,18.05577087,25.77098922,0.1598819202,0.1594632477,0.1599878887,0.01805682246,0.01125000095,0.02008381123,64.58777827,58.50403498,66.95136797
2.875,24.216834,18.01146818,25.78316483,0.159880593,0.159458516,0.1599878623,0.0180504081,0.01121273296,0.02010140934,64.81535097,58.61012065,67.24928784
2.916666667,24.2097628,17.96803052,25.7953594,0.1598792709,0.1594538187,0.1599878359,0.01804410669,0.01117628329,0.02011904905,65.04341735,58.71628518,67.54871184
2.958333333,24.20277793,17.92543809,25.80757295,0.159877954,0.1594491549,0.1599878094,0.01803791656,0.01114062953,0.02013673046,65.27198146,58.82247674,67.84964203
3,24.19587842,17.88367158,25.81980552,0.1598766421,0.1594445234,0.1599877828,0.01803183609,0.01110574997,0.02015445371,65.50104733,58.92862591,68.15208038
3.041666667,24.18906333,17.84271217,25.83205713,0.1598753351,0.1594399235,0.1599877562,0.01802586368,0.01107162364,0.02017221891,65.73061889,59.03467402,68.45602872
3.083333333,24.18233173,17.80254155,25.84432781,0.159874033,0.159435354,0.1599877294,0.01801999779,0.01103823022,0.02019002618,65.96070006,59.140572,68.76148882
3.125,24.1756827,17.76314184,25.8566176,0.1598727358,0.1594308142,0.1599877026,0.0180142369,0.01100555007,0.02020787565,66.19129471,59.24627911,69.06846232
3.166666667,24.16911533,17.72449563,25.86892652,0.1598714433,0.1594263031,0.1599876757,0.01800857951,0.01097356415,0.02022576743,66.42240668,59.3517619,69.37695076
3.208333333,24.16262872,17.68658596,25.8812546,0.1598701555,0.15942182,0.1599876487,0.01800302417,0.01094225404,0.02024370164,66.65403973,59.4569933,69.68695561
3.25,24.156222,17.64939629,25.89360188,0.1598688723,0.159417364,0.1599876216,0.01799756945,0.01091160189,0.02026167841,66.88619763,59.56195182,69.99847821
3.291666667,24.14989429,17.61291049,25.90596838,0.1598675937,0.1594129342,0.1599875945,0.01799221395,0.01088159041,0.02027969785,67.11888407,59.66662085,70.31151984
3.333333333,24.14364474,17.57711285,25.91835412,0.1598663197,0.15940853,0.1599875672,0.01798695632,0.01085220287,0.02029776008,67.35210273,59.77098805,70.62608165
3.375,24.1374725,17.54198803,25.93075915,0.1598650501,0.1594041506,0.1599875399,0.0179817952,0.01082342303,0.02031586523,67.58585721,59.87504482,70.94216473
3.416666667,24.13137674,17.50752111,25.94318349,0.1598637848,0.1593997953,0.1599875125,0.01797672929,0.01079523517,0.02033401342,67.82015111,59.97878582,71.25977007
3.458333333,24.12535662,17.47369752,25.95562716,0.159862524,0.1593954634,0.159987485,0.0179717573,0.01076762406,0.02035220476,68.05498797,60.08220856,71.57889856
3.5,24.11941135,17.44050305,25.96809019,0.1598612674,0.1593911542,0.1599874573,0.01796687798,0.01074057491,0.02037043938,68.29037129,60.18531308,71.89955103
3.541666667,24.11354012,17.40792385,25.98057261,0.1598600151,0.159386867,0.1599874296,0.01796209009,0.0107140734,0.0203887174,68.52630454,60.28810154,72.22172822
3.583333333,24.10774213,17.37594641,25.99307446,0.1598587669,0.1593826014,0.1599874018,0.01795739242,0.01068810564,0.02040703893,68.76279114,60.39057803,72.54543076
3.625,24.10201662,17.34455757,26.00559575,0.1598575229,0.1593783565,0.1599873739,0.0179527838,0.01066265816,0.02042540411,68.99983448,60.49274826,72.87065923
3.666666667,24.09636281,17.31374447,26.01813651,0.1598562829,0.1593741319,0.1599873459,0.01794826305,0.01063771787,0.02044381304,69.23743792,60.59461936,73.19741413
3.708333333,24.09077995,17.28349457,26.03069678,0.159855047,0.159369927,0.1599873178,0.01794382905,0.01061327211,0.02046226586,69.47560476,60.6961997,73.52569586
3.75,24.08526729,17.25379567,26.04327657,0.159853815,0.1593657412,0.1599872896,0.01793948068,0.01058930857,0.02048076267,69.71433828,60.79749866,73.85550475
3.791666667,24.07982408,17.22463582,26.05587592,0.159852587,0.159361574,0.1599872613,0.01793521685,0.01056581531,0.02049930361,69.95364172,60.89852656,74.18684109
3.833333333,24.07444961,17.1960034,26.06849485,0.1598513629,0.1593574248,0.1599872329,0.01793103648,0.01054278073,0.02051788879,70.19351828,60.99929443,74.51970505
3.875,24.06914315,17.16788706,26.08113338,0.1598501425,0.1593532932,0.1599872044,0.01792693853,0.01052019358,0.02053651833,70.43397112,61.09981396,74.85409675
3.916666667,24.063904,17.14027572,26.09379155,0.159848926,0.1593491787,0.1599871758,0.01792292196,0.01049804294,0.02055519235,70.67500338,61.20009737,75.19001624
3.958333333,24.05873145,17.11315858,26.10646938,0.1598477132,0.1593450807,0.159987147,0.01791898577,0.0104763182,0.02057391098,70.91661814,61.3001573,75.5274635
4,24.05362483,17.08652508,26.11916688,0.1598465041,0.1593409989,0.1599871182,0.01791512896,0.01045500906,0.02059267433,71.15881847,61.40000672,75.86643845
4.041666667,24.04858344,17.06036495,26.1318841,0.1598452986,0.1593369328,0.1599870892,0.01791135057,0.0104341055,0.02061148253,71.40160739,61.4996589,76.20694092
4.083333333,24.04360662,17.03466814,26.14462105,0.1598440967,0.159332882,0.1599870602,0.01790764963,0.01041359781,0.02063033569,71.64498788,61.59912728,76.5489707
4.125,24.03869371,17.00942485,26.15737775,0.1598428984,0.159328846,0.159987031,0.01790402522,0.01039347654,0.02064923394,71.88896291,61.69842547,76.89252751
4.166666667,24.03384405,16.9846255,26.17015424,0.1598417036,0.1593248244,0.1599870016,0.01790047642,0.0103737325,0.02066817739,72.13353539,61.79756714,77.23761101
4.208333333,24.029057,16.96026078,26.18295054,0.1598405123,0.1593208169,0.1599869722,0.01789700232,0.01035435679,0.02068716616,72.37870817,61.8965657,77.58422078
4.25,24.02433192,16.93632155,26.19576666,0.1598393244,0.159316823,0.1599869426,0.01789360204,0.01033534073,0.02070620038,72.62448408,61.99543387,77.93235636
4.291666667,24.01966818,16.91279893,26.20860263,0.1598381398,0.1593128425,0.1599869129,0.01789027472,0.01031667588,0.02072528016,72.87086587,62.09418363,78.28201723
4.333333333,24.01506518,16.88968422,26.22145848,0.1598369587,0.1593088748,0.1599868831,0.0178870195,0.01029835406,0.02074440563,73.1178563,62.19282646,78.6332028
4.375,24.01052229,16.86696894,26.23433423,0.1598357808,0.1593049198,0.1599868532,0.01788383554,0.01028036729,0.0207635769,73.36545809,62.29137335,78.98591244
4.416666667,24.00603891,16.84464482,26.2472299,0.1598346062,0.159300977,0.1599868231,0.01788072203,0.01026270783,0.02078279409,73.61367391,62.38983498,79.34014545
4.458333333,24.00161444,16.82270376,26.26014552,0.1598334349,0.1592970461,0.1599867929,0.01787767816,0.01024536814,0.02080205733,73.86250632,62.48822169,79.69590108
4.5,23.99724831,16.80113787,26.27308109,0.1598322667,0.1592931268,0.1599867625,0.01787470314,0.01022834088,0.02082136673,74.11195742,62.58654361,80.05317853
4.541666667,23.99293993,16.77993944,26.28603666,0.1598311017,0.1592892188,0.159986732,0.01787179619,0.01021161892,0.0208407224,74.36202912,62.68481061,80.41197693
4.583333333,23.98868873,16.75910093,26.29901223,0.1598299398,0.1592853218,0.1599867014,0.01786895655,0.01019519533,0.02086012448,74.61272336,62.78303236,80.77229538
4.625,23.98449414,16.738615,26.31200783,0.159828781,0.1592814356,0.1599866706,0.01786618346,0.01017906334,0.02087957308,74.86404206,62.88121834,81.13413292
4.666666667,23.98035561,16.71847446,26.32502348,0.1598276252,0.1592775597,0.1599866397,0.0178634762,0.01016321639,0.02089906831,75.1159871,62.97937787,81.49748854
4.708333333,23.97627259,16.69867229,26.3380592,0.1598264725,0.1592736939,0.1599866086,0.01786083404,0.01014764808,0.02091861029,75.36856041,63.07752008,81.86236116
4.75,23.97224453,16.67920163,26.35111501,0.1598253227,0.1592698381,0.1599865774,0.01785825626,0.01013235218,0.02093819915,75.62176382,63.17565349,82.22874969
4.791666667,23.9682709,16.66005579,26.36419093,0.1598241759,0.1592659918,0.159986546,0.01785574218,0.01011732263,0.020957835,75.87559916,63.27378469,82.59665296
4.833333333,23.96435118,16.64122823,26.37728698,0.159823032,0.159262155,0.1599865144,0.0178532911,0.01010255353,0.02097751796,76.1300682,63.3719183,82.96606976
4.875,23.96048483,16.62271255,26.39040317,0.1598218909,0.1592583272,0.1599864827,0.01785090235,0.01008803912,0.02099724814,76.38517274,63.47005748,83.33699883
4.916666667,23.95667135,16.60450251,26.40353953,0.1598207527,0.1592545084,0.1599864509,0.01784857527,0.01007377381,0.02101702567,76.64091456,63.56820428,83.70943888
4.958333333,23.95291022,16.586592,26.41669608,0.1598196174,0.1592506982,0.1599864188,0.0178463092,0.01005975215,0.02103685066,76.89729543,63.66635997,84.08338855
5,23.94920095,16.56897507,26.42987282,0.1598184847,0.1592468964,0.1599863866,0.01784410351,0.01004596883,0.02105672323,77.15431711,63.76452528,84.45884644
5.041666667,23.94554304,16.55164588,26.44306979,0.1598173549,0.1592431028,0.1599863542,0.01784195757,0.01003241867,0.02107664349,77.41198135,63.86270062,84.83581111
5.083333333,23.941936,16.53459873,26.45628699,0.1598162277,0.1592393173,0.1599863217,0.01783987076,0.01001909663,0.02109661157,77.67028989,63.96088619,85.21428107
5.125,23.93837934,16.51782807,26.46952445,0.1598151033,0.1592355395,0.1599862889,0.01783784247,0.0100059978,0.02111662757,77.92924447,64.05908212,85.5942548
5.166666667,23.9348726,16.50132845,26.48278218,0.1598139815,0.1592317694,0.159986256,0.0178358721,0.009993117395,0.02113669161,78.1888468,64.15728856,85.97573071
5.208333333,23.93141529,16.48509455,26.49606019,0.1598128623,0.1592280066,0.1599862229,0.01783395907,0.009980450743,0.02115680382,78.44909859,64.25550576,86.35870718
5.25,23.92800696,16.46912117,26.50935851,0.1598117458,0.1592242511,0.1599861896,0.01783210279,0.009967993299,0.0211769643,78.71000153,64.35373411,86.74318255
5.291666667,23.92464715,16.45340323,26.52267714,0.1598106318,0.1592205026,0.1599861561,0.01783030271,0.00995574063,0.02119717317,78.97155731,64.45197418,87.12915511
5.333333333,23.9213354,16.43793577,26.53601611,0.1598095203,0.159216761,0.1599861224,0.01782855825,0.009943688414,0.02121743054,79.23376759,64.55022674,87.51662309
5.375,23.91807126,16.42271391,26.54937542,0.1598084114,0.1592130261,0.1599860885,0.01782686888,0.009931832438,0.02123773654,79.49663399,64.64849278,87.90558471
5.416666667,23.91485431,16.40773292,26.56275509,0.1598073049,0.1592092977,0.1599860544,0.01782523404,0.009920168591,0.02125809126,79.76015809,64.74677348,88.29603812
5.458333333,23.91168409,16.39298815,26.57615514,0.1598062009,0.1592055756,0.1599860201,0.01782365322,0.009908692868,0.02127849484,80.02434148,64.84507017,88.68798145
5.5,23.90856018,16.37847505,26.58957557,0.1598050993,0.1592018597,0.1599859856,0.01782212588,0.009897401358,0.02129894738,80.28918568,64.94338428,89.08141276
5.541666667,23.90548215,16.36418919,26.60301641,0.1598040002,0.1591981499,0.1599859509,0.01782065151,0.009886290251,0.021319449,80.55469213,65.04171741,89.47633008
5.583333333,23.9024496,16.35012622,26.61647766,0.1598029034,0.159194446,0.159985916,0.0178192296,0.009875355827,0.0213399998,80.8208622,65.14007122,89.8727314
5.625,23.89946209,16.33628189,26.62995933,0.159801809,0.1591907478,0.1599858808,0.01781785965,0.009864594457,0.02136059991,81.08769726,65.2384475,90.27061466
5.666666667,23.89651922,16.32265205,26.64346145,0.1598007169,0.1591870553,0.1599858454,0.01781654118,0.009854002603,0.02138124943,81.35519866,65.33684811,90.66997777
5.708333333,23.89362059,16.30923264,26.65698401,0.1597996271,0.1591833682,0.1599858098,0.01781527371,0.00984357681,0.02140194848,81.62336774,65.43527501,91.07081859
5.75,23.8907658,16.29601967,26.67052703,0.1597985396,0.1591796864,0.159985774,0.01781405675,0.009833313707,0.02142269717,81.89220584,65.53373026,91.47313492
5.791666667,23.88795445,16.28300927,26.68409052,0.1597974543,0.1591760099,0.1599857379,0.01781288983,0.009823210005,0.0214434956,82.16171429,65.63221598,91.87692454
5.833333333,23.88518616,16.27019761,26.69767449,0.1597963713,0.1591723384,0.1599857016,0.01781177251,0.009813262491,0.0214643439,82.4318944,65.7307344,92.28218518
5.875,23.88246053,16.25758099,26.71127896,0.1597952905,0.1591686719,0.159985665,0.01781070433,0.009803468033,0.02148524217,82.70274746,65.82928781,92.68891453
5.916666667,23.8797772,16.24515576,26.72490392,0.1597942119,0.1591650102,0.1599856282,0.01780968483,0.009793823569,0.02150619053,82.97427477,65.92787859,93.09711022
5.958333333,23.87713579,16.23291836,26.73854939,0.1597931354,0.1591613533,0.1599855911,0.01780871358,0.009784326114,0.02152718908,83.2464776,66.0265092,93.50676986
6,23.87453592,16.2208653,26.75221538,0.1597920611,0.1591577009,0.1599855538,0.01780779016,0.009774972748,0.02154823793,83.51935721,66.12518215,93.91789099
6.041666667,23.87197723,16.20899316,26.76590189,0.1597909889,0.1591540531,0.1599855162,0.01780691413,0.009765760626,0.02156933719,83.79291485,66.22390004,94.33047114
6.083333333,23.86945936,16.19729861,26.77960893,0.1597899188,0.1591504096,0.1599854783,0.01780608507,0.009756686964,0.02159048698,84.06715176,66.32266556,94.74450776
6.125,23.86698195,16.18577838,26.79333652,0.1597888507,0.1591467705,0.1599854402,0.01780530258,0.009747749045,0.02161168739,84.34206916,66.42148143,95.15999828
6.166666667,23.86454466,16.17442927,26.80708465,0.1597877847,0.1591431355,0.1599854017,0.01780456624,0.009738944218,0.02163293855,84.61766826,66.52035046,95.57694008
6.208333333,23.86214712,16.16324816,26.82085333,0.1597867208,0.1591395046,0.159985363,0.01780387565,0.009730269889,0.02165424055,84.89395024,66.61927551,95.9953305
6.25,23.859789,16.15223196,26.83464257,0.1597856588,0.1591358777,0.1599853241,0.01780323043,0.009721723526,0.0216755935,85.17091629,66.7182595,96.41516681
6.291666667,23.85746997,16.1413777,26.84845237,0.1597845989,0.1591322546,0.1599852848,0.01780263019,0.009713302656,0.02169699751,85.44856757,66.81730542,96.83644626
6.333333333,23.85518967,16.13068242,26.86228274,0.1597835409,0.1591286354,0.1599852452,0.01780207453,0.00970500486,0.0217184527,85.72690521,66.91641628,97.25916606
6.375,23.85294778,16.12014326,26.87613369,0.1597824848,0.15912502,0.1599852053,0.01780156309,0.009696827779,0.02173995915,86.00593036,67.01559519,97.68332334
6.416666667,23.85074398,16.1097574,26.89000521,0.1597814307,0.1591214081,0.1599851652,0.01780109549,0.009688769102,0.02176151698,86.28564412,67.11484526,98.10891522
6.458333333,23.84857794,16.09952208,26.90389731,0.1597803785,0.1591177998,0.1599851247,0.01780067138,0.009680826574,0.0217831263,86.56604759,67.21416966,98.53593877
6.5,23.84644934,16.08943461,26.91780999,0.1597793282,0.159114195,0.1599850839,0.01780029038,0.00967299799,0.02180478721,86.84714186,67.31357162,98.96439098
6.541666667,23.84435786,16.07949233,26.93174326,0.1597782798,0.1591105935,0.1599850427,0.01779995214,0.009665281196,0.02182649981,87.12892797,67.41305439,99.39426882
6.583333333,23.8423032,16.06969268,26.94569711,0.1597772332,0.1591069954,0.1599850013,0.01779965632,0.009657674084,0.02184826421,87.41140699,67.51262124,99.82556922
6.625,23.84028504,16.0600331,26.95967156,0.1597761885,0.1591034005,0.1599849595,0.01779940257,0.009650174595,0.02187008051,87.69457992,67.61227551,100.258289
6.666666667,23.83830308,16.05051113,26.97366659,0.1597751455,0.1590998088,0.1599849174,0.01779919055,0.009642780715,0.02189194881,87.9784478,67.71202054,100.6924251
6.708333333,23.83635702,16.04112432,26.98768222,0.1597741044,0.1590962201,0.1599848749,0.01779901993,0.009635490474,0.02191386922,88.26301159,67.81185971,101.1279742
6.75,23.83444657,16.0318703,27.00171844,0.159773065,0.1590926345,0.1599848321,0.01779889038,0.009628301948,0.02193584184,88.54827229,67.9117964,101.564933
6.791666667,23.83257142,16.02274674,27.01577525,0.1597720274,0.1590890518,0.1599847889,0.01779880156,0.009621213254,0.02195786677,88.83423083,68.01183405,102.0032983
6.833333333,23.83073128,16.01375135,27.02985264,0.1597709916,0.1590854721,0.1599847454,0.01779875317,0.009614222551,0.02197994411,89.12088816,68.11197609,102.4430666
6.875,23.82892588,16.00488189,27.04395063,0.1597699575,0.1590818951,0.1599847015,0.01779874489,0.009607328036,0.02200207396,89.40824519,68.21222597,102.8842345
6.916666667,23.82715493,15.99613618,27.05806921,0.1597689251,0.1590783209,0.1599846572,0.0177987764,0.009600527948,0.02202425643,89.69630281,68.31258715,103.3267986
6.958333333,23.82541814,15.98751206,27.07220837,0.1597678943,0.1590747494,0.1599846125,0.0177988474,0.009593820564,0.0220464916,89.9850619,68.41306312,103.7707553
7,23.82371524,15.97900743,27.08636811,0.1597668653,0.1590711806,0.1599845675,0.01779895759,0.009587204198,0.02206877959,90.27452332,68.51365735,104.216101
7.041666667,23.82204596,15.97062022,27.10054843,0.1597658379,0.1590676144,0.1599845221,0.01779910666,0.009580677201,0.02209112048,90.5646879,68.61437333,104.6628322
7.083333333,23.82041003,15.96234843,27.11474932,0.1597648122,0.1590640507,0.1599844763,0.01779929433,0.009574237957,0.02211351438,90.85555645,68.71521457,105.1109451
7.125,23.81880718,15.95419006,27.12897079,0.1597637881,0.1590604894,0.1599844301,0.01779952031,0.009567884889,0.02213596139,91.14712978,68.81618455,105.560436
7.166666667,23.81723714,15.94614317,27.14321283,0.1597627656,0.1590569306,0.1599843834,0.0177997843,0.009561616449,0.02215846159,91.43940865,68.91728677,106.0113011
7.208333333,23.81569965,15.93820588,27.15747542,0.1597617447,0.1590533742,0.1599843364,0.01780008604,0.009555431127,0.0221810151,91.73239381,69.01852472,106.4635366
7.25,23.81419446,15.9303763,27.17175857,0.1597607254,0.1590498201,0.1599842889,0.01780042523,0.009549327441,0.02220362199,92.026086,69.11990189,106.9171386
7.291666667,23.81272131,15.92265262,27.18606227,0.1597597077,0.1590462682,0.1599842411,0.01780080161,0.009543303943,0.02222628238,92.32048593,69.22142177,107.3721032
7.333333333,23.81127996,15.91503304,27.20038651,0.1597586915,0.1590427186,0.1599841927,0.01780121491,0.009537359214,0.02224899635,92.61559427,69.32308782,107.8284262
7.375,23.80987014,15.90751582,27.21473129,0.1597576768,0.1590391712,0.159984144,0.01780166485,0.009531491865,0.02227176399,92.91141171,69.42490352,108.2861038
7.416666667,23.80849161,15.90009922,27.2290966,0.1597566637,0.1590356259,0.1599840948,0.01780215119,0.009525700538,0.02229458541,93.20793888,69.52687233,108.7451318
7.458333333,23.80714413,15.89278157,27.24348242,0.1597556521,0.1590320827,0.1599840451,0.01780267365,0.009519983902,0.02231746069,93.50517641,69.62899768,109.205506
7.5,23.80582747,15.88556121,27.25788876,0.159754642,0.1590285416,0.159983995,0.01780323199,0.009514340653,0.02234038992,93.80312488,69.73128301,109.6672221
7.541666667,23.80454138,15.87843651,27.2723156,0.1597536333,0.1590250024,0.1599839444,0.01780382594,0.009508769515,0.02236337321,94.10178489,69.83373173,110.130276
7.583333333,23.80328562,15.8714059,27.28676293,0.1597526261,0.1590214653,0.1599838933,0.01780445527,0.00950326924,0.02238641063,94.40115697,69.93634725,110.5946632
7.625,23.80205996,15.8644678,27.30123074,0.1597516204,0.15901793,0.1599838418,0.01780511972,0.009497838602,0.02240950228,94.70124167,70.03913294,111.0603794
7.666666667,23.80086419,15.8576207,27.31571903,0.1597506161,0.1590143967,0.1599837898,0.01780581906,0.009492476405,0.02243264826,95.00203949,70.14209218,111.5274202
7.708333333,23.79969806,15.85086309,27.33022777,0.1597496133,0.1590108652,0.1599837373,0.01780655305,0.009487181473,0.02245584864,95.30355091,70.24522831,111.9957809
7.75,23.79856135,15.84419351,27.34475696,0.1597486118,0.1590073355,0.1599836842,0.01780732144,0.009481952657,0.02247910352,95.6057764,70.34854465,112.4654572
7.791666667,23.79745384,15.83761051,27.35930659,0.1597476118,0.1590038076,0.1599836307,0.01780812401,0.009476788831,0.02250241298,95.90871638,70.45204451,112.9364442
7.833333333,23.79637531,15.83111268,27.37387664,0.1597466131,0.1590002815,0.1599835766,0.01780896053,0.00947168889,0.02252577712,96.21237128,70.55573117,113.4087374
7.875,23.79532555,15.82469863,27.38846709,0.1597456158,0.158996757,0.1599835221,0.01780983078,0.009466651755,0.02254919602,96.51674147,70.6596079,113.8823319
7.916666667,23.79430434,15.818367,27.40307795,0.1597446199,0.1589932343,0.159983467,0.01781073452,0.009461676365,0.02257266977,96.82182733,70.76367794,114.3572231
7.958333333,23.79331146,15.81211647,27.41770918,0.1597436253,0.1589897132,0.1599834113,0.01781167154,0.009456761683,0.02259619845,97.12762919,70.86794448,114.8334059
8,23.79234671,15.80594571,27.43236078,0.1597426321,0.1589861937,0.1599833551,0.01781264162,0.009451906692,0.02261978214,97.43414737,70.97241074,115.3108756
8.041666667,23.79140988,15.79985346,27.44703274,0.1597416402,0.1589826758,0.1599832984,0.01781364454,0.009447110394,0.02264342094,97.74138217,71.07707986,115.789627
8.083333333,23.79050077,15.79383844,27.46172502,0.1597406496,0.1589791594,0.1599832411,0.0178146801,0.009442371814,0.02266711492,98.04933384,71.18195499,116.2696552
8.125,23.78961916,15.78789942,27.47643763,0.1597396603,0.1589756446,0.1599831832,0.01781574809,0.009437689993,0.02269086417,98.35800262,71.28703924,116.750955
8.166666667,23.78876487,15.78203519,27.49117053,0.1597386723,0.1589721313,0.1599831248,0.01781684829,0.009433063994,0.02271466877,98.66738874,71.39233569,117.2335213
8.208333333,23.78793769,15.77624457,27.50592372,0.1597376855,0.1589686195,0.1599830657,0.01781798051,0.009428492896,0.0227385288,98.97749238,71.4978474,117.7173489
8.25,23.78713743,15.77052637,27.52069718,0.1597367001,0.1589651091,0.1599830061,0.01781914454,0.009423975798,0.02276244435,99.2883137,71.60357741,118.2024323
8.291666667,23.78636389,15.76487947,27.53549088,0.1597357159,0.1589616002,0.1599829459,0.01782034018,0.009419511815,0.02278641549,99.59985286,71.70952871,118.6887663
8.333333333,23.78561688,15.75930272,27.55030481,0.1597347329,0.1589580926,0.159982885,0.01782156725,0.009415100082,0.0228104423,99.91210995,71.81570428,119.1763455
8.375,23.78489621,15.75379504,27.56513895,0.1597337512,0.1589545864,0.1599828236,0.01782282554,0.009410739749,0.02283452486,100.2250851,71.92210706,119.6651642
8.416666667,23.7842017,15.74835534,27.57999327,0.1597327706,0.1589510816,0.1599827615,0.01782411486,0.009406429982,0.02285866325,100.5387782,72.02873993,120.1552171
8.458333333,23.78353315,15.74298255,27.59486777,0.1597317913,0.1589475781,0.1599826988,0.01782543503,0.009402169965,0.02288285755,100.8531894,72.13560572,120.6464985
8.5,23.78289038,15.73767564,27.60976241,0.1597308132,0.1589440759,0.1599826354,0.01782678586,0.009397958896,0.02290710784,101.1683187,72.24270714,121.1390026
8.541666667,23.78227322,15.73243357,27.62467717,0.1597298363,0.158940575,0.1599825714,0.01782816717,0.009393795989,0.02293141418,101.484166,72.35004681,121.6327238
8.583333333,23.78168148,15.72725535,27.63961203,0.1597288606,0.1589370753,0.1599825068,0.01782957877,0.009389680475,0.02295577666,101.8007312,72.45762725,122.1276562
8.625,23.78111498,15.72213999,27.65456698,0.159727886,0.1589335769,0.1599824414,0.01783102048,0.009385611597,0.02298019535,102.1180143,72.56545088,122.623794
8.666666667,23.78057355,15.71708652,27.66954197,0.1597269126,0.1589300797,0.1599823754,0.01783249213,0.009381588614,0.02300467032,102.4360151,72.67352004,123.1211312
8.708333333,23.78005702,15.71209398,27.684537,0.1597259403,0.1589265838,0.1599823087,0.01783399354,0.009377610799,0.02302920165,102.7547335,72.78183695,123.6196618
8.75,23.77956521,15.70716145,27.69955204,0.1597249692,0.158923089,0.1599822413,0.01783552455,0.009373677439,0.02305378941,103.0741693,72.89040377,124.1193797
8.791666667,23.77909795,15.70228801,27.71458706,0.1597239992,0.1589195953,0.1599821732,0.01783708497,0.009369787833,0.02307843367,103.3943223,72.99922257,124.6202788
8.833333333,23.77865507,15.69747276,27.72964203,0.1597230303,0.1589161028,0.1599821044,0.01783867464,0.009365941296,0.0231031345,103.7151924,73.10829535,125.1223529
8.875,23.77823641,15.69271481,27.74471694,0.1597220625,0.1589126115,0.1599820349,0.0178402934,0.009362137153,0.02312789197,104.0367792,73.21762404,125.6255956
8.916666667,23.77784181,15.6880133,27.75981174,0.1597210958,0.1589091212,0.1599819646,0.01784194107,0.009358374744,0.02315270616,104.3590824,73.32721051,126.1300007
8.958333333,23.77747109,15.68336738,27.77492643,0.1597201303,0.158905632,0.1599818937,0.01784361751,0.009354653419,0.02317757712,104.6821019,73.4370566,126.6355618
9,23.77712411,15.6787762,27.79006096,0.1597191658,0.158902144,0.1599818219,0.01784532254,0.009350972544,0.02320250494,105.0058371,73.54716407,127.1422724
9.041666667,23.77680069,15.67423895,27.80521531,0.1597182023,0.1588986569,0.1599817494,0.017847056,0.009347331492,0.02322748966,105.3302879,73.65753464,127.6501259
9.083333333,23.77650068,15.66975482,27.82038945,0.1597172399,0.158895171,0.1599816762,0.01784881775,0.009343729652,0.02325253137,105.6554537,73.76817002,128.1591157
9.125,23.77622393,15.66532302,27.83558336,0.1597162786,0.158891686,0.1599816021,0.01785060763,0.00934016642,0.02327763013,105.9813342,73.87907186,128.6692352
9.166666667,23.77597027,15.66094276,27.85079699,0.1597153183,0.1588882021,0.1599815273,0.01785242548,0.009336641208,0.02330278599,106.3079289,73.99024177,129.1804777
9.208333333,23.77573957,15.65661329,27.86603033,0.1597143591,0.1588847192,0.1599814517,0.01785427116,0.009333153434,0.02332799904,106.6352374,74.10168137,129.6928362
9.25,23.77553165,15.65233384,27.88128334,0.1597134009,0.1588812372,0.1599813753,0.01785614451,0.009329702531,0.02335326932,106.9632591,74.21339221,130.2063039
9.291666667,23.77534639,15.64810369,27.89655599,0.1597124437,0.1588777563,0.159981298,0.01785804538,0.00932628794,0.0233785969,107.2919936,74.32537586,130.7208739
9.333333333,23.77518362,15.64392211,27.91184824,0.1597114875,0.1588742763,0.15998122,0.01785997364,0.009322909111,0.02340398184,107.6214403,74.43763384,131.2365392
9.375,23.7750432,15.63978838,27.92716007,0.1597105323,0.1588707973,0.1599811411,0.01786192914,0.009319565508,0.02342942421,107.9515985,74.55016766,131.7532927
9.416666667,23.77492499,15.63570181,27.94249144,0.1597095781,0.1588673192,0.1599810613,0.01786391172,0.0093162566,0.02345492406,108.2824678,74.6629788,132.2711273
9.458333333,23.77482883,15.6316617,27.95784231,0.1597086249,0.158863842,0.1599809807,0.01786592127,0.00931298187,0.02348048145,108.6140473,74.77606867,132.7900356
9.5,23.7747546,15.62766739,27.97321266,0.1597076726,0.1588603657,0.1599808993,0.01786795763,0.009309740807,0.02350609644,108.9463365,74.88943864,133.3100106
9.541666667,23.77470215,15.6237182,27.98860245,0.1597067213,0.1588568904,0.159980817,0.01787002066,0.00930653291,0.02353176909,109.2793346,75.00309,133.8310447
9.583333333,23.77467133,15.61981348,28.00401164,0.159705771,0.1588534159,0.1599807338,0.01787211024,0.00930335769,0.02355749945,109.613041,75.117024,134.3531306
9.625,23.77466202,15.6159526,28.0194402,0.1597048217,0.1588499423,0.1599806497,0.01787422623,0.009300214661,0.02358328759,109.9474548,75.23124181,134.8762608
9.666666667,23.77467407,15.61213492,28.03488809,0.1597038732,0.1588464696,0.1599805647,0.01787636849,0.009297103351,0.02360913355,110.2825752,75.34574454,135.4004278
9.708333333,23.77470735,15.60835982,28.05035527,0.1597029257,0.1588429977,0.1599804788,0.0178785369,0.009294023294,0.02363503738,110.6184015,75.46053328,135.9256239
9.75,23.77476172,15.6046267,28.06584171,0.1597019792,0.1588395267,0.1599803919,0.01788073132,0.009290974032,0.02366099915,110.9549327,75.57560903,136.4518414
9.791666667,23.77483706,15.60093494,28.08134736,0.1597010335,0.1588360566,0.1599803041,0.01788295163,0.009287955116,0.02368701891,111.2921681,75.6909728,136.9790727
9.833333333,23.77493323,15.59728398,28.0968722,0.1597000888,0.1588325872,0.1599802154,0.0178851977,0.009284966105,0.0237130967,111.6301067,75.80662553,137.5073098
9.875,23.77505011,15.59367322,28.11241617,0.159699145,0.1588291187,0.1599801258,0.01788746941,0.009282006565,0.02373923258,111.9687475,75.92256814,138.0365449
9.916666667,23.77518755,15.59010211,28.12797925,0.1596982021,0.158825651,0.1599800351,0.01788976662,0.009279076069,0.02376542659,112.3080897,76.03880153,138.5667701
9.958333333,23.77534545,15.58657007,28.14356139,0.15969726,0.1588221841,0.1599799435,0.01789208923,0.0092761742,0.02379167879,112.6481321,76.15532658,139.0979773
10,23.77552366,15.58307657,28.15916254,0.1596963189,0.158818718,0.1599798509,0.0178944371,0.009273300546,0.02381798922,112.9888739,76.27214416,139.6301585
10.04166667,23.77572208,15.57962105,28.17478268,0.1596953786,0.1588152527,0.1599797573,0.01789681012,0.009270454703,0.02384435793,113.3303139,76.38925512,140.1633054
10.08333333,23.77594056,15.576203,28.19042175,0.1596944392,0.1588117882,0.1599796627,0.01789920818,0.009267636273,0.02387078497,113.672451,76.50666029,140.69741
10.125,23.776179,15.57282188,28.20607972,0.1596935006,0.1588083245,0.1599795671,0.01790163114,0.009264844868,0.02389727038,114.0152841,76.62436052,141.2324638
10.16666667,23.77643726,15.56947719,28.22175654,0.1596925629,0.1588048615,0.1599794705,0.0179040789,0.009262080102,0.0239238142,114.3588121,76.74235662,141.7684586
10.20833333,23.77671524,15.56616842,28.23745216,0.1596916261,0.1588013993,0.1599793728,0.01790655135,0.009259341599,0.02395041649,114.7030338,76.86064942,142.3053859
10.25,23.77701281,15.56289507,28.25316655,0.1596906901,0.1587979378,0.159979274,0.01790904837,0.00925662899,0.02397707727,115.047948,76.97923973,142.8432374
10.29166667,23.77732985,15.55965665,28.26889966,0.1596897549,0.158794477,0.1599791742,0.01791156984,0.009253941909,0.02400379661,115.3935534,77.09812837,143.3820043
10.33333333,23.77766625,15.55645269,28.28465144,0.1596888206,0.1587910171,0.1599790733,0.01791411567,0.009251279998,0.02403057452,115.7398488,77.21731614,143.9216782
10.375,23.77802189,15.55328271,28.30042185,0.1596878871,0.1587875578,0.1599789714,0.01791668573,0.009248642907,0.02405741106,116.086833,77.33680384,144.4622504
10.41666667,23.77839666,15.55014624,28.31621085,0.1596869543,0.1587840993,0.1599788683,0.01791927992,0.009246030289,0.02408430627,116.4345044,77.45659229,145.0037121
10.45833333,23.77879045,15.54704284,28.33201838,0.1596860224,0.1587806415,0.1599787642,0.01792189813,0.009243441804,0.02411126018,116.7828619,77.57668227,145.5460545
10.5,23.77920314,15.54397205,28.3478444,0.1596850914,0.1587771844,0.1599786589,0.01792454026,0.009240877118,0.02413827282,117.131904,77.69707458,146.0892689
10.54166667,23.77963462,15.54093343,28.36368886,0.159684161,0.158773728,0.1599785525,0.01792720621,0.009238335902,0.02416534424,117.4816294,77.81777003,146.6333462
10.58333333,23.78008479,15.53792654,28.37955171,0.1596832315,0.1587702723,0.1599784449,0.01792989586,0.009235817834,0.02419247447,117.8320365,77.9387694,147.1782775
10.625,23.78055353,15.53495095,28.39543291,0.1596823028,0.1587668173,0.1599783362,0.01793260912,0.009233322595,0.02421966355,118.1831239,78.06007348,147.7240538
10.66666667,23.78104073,15.53200625,28.41133241,0.1596813748,0.158763363,0.1599782263,0.01793534588,0.009230849874,0.0242469115,118.5348901,78.18168307,148.2706659
10.70833333,23.7815463,15.52909203,28.42725014,0.1596804477,0.1587599094,0.1599781153,0.01793810605,0.009228399362,0.02427421837,118.8873334,78.30359897,148.8181047
10.75,23.78207012,15.52620787,28.44318608,0.1596795212,0.1587564564,0.159978003,0.01794088952,0.009225970759,0.02430158417,119.240452,78.42582195,149.366361
10.79166667,23.7826121,15.52335337,28.45914015,0.1596785956,0.1587530042,0.1599778896,0.0179436962,0.009223563767,0.02432900895,119.5942443,78.54835282,149.9154255
10.83333333,23.78317211,15.52052814,28.47511232,0.1596776707,0.1587495526,0.159977775,0.01794652599,0.009221178093,0.02435649273,119.9487083,78.67119235,150.4652888
10.875,23.78375008,15.51773179,28.49110253,0.1596767465,0.1587461017,0.1599776591,0.0179493788,0.009218813451,0.02438403554,120.3038424,78.79434135,151.0159416
10.91666667,23.78434588,15.51496394,28.50711073,0.1596758231,0.1587426515,0.159977542,0.01795225452,0.009216469557,0.0244116374,120.6596445,78.9178006,151.5673744
10.95833333,23.78495943,15.51222421,28.52313686,0.1596749004,0.1587392019,0.1599774236,0.01795515307,0.009214146135,0.02443929835,121.016113,79.04157088,152.1195777
11,23.78559062,15.50951224,28.53918088,0.1596739784,0.1587357529,0.159977304,0.01795807434,0.009211842909,0.02446701841,121.3732458,79.16565299,152.6725418
11.04166667,23.78623935,15.50682766,28.55524272,0.1596730572,0.1587323047,0.1599771831,0.01796101826,0.009209559613,0.02449479761,121.7310411,79.2900477,153.2262572
11.08333333,23.78690553,15.50417011,28.57132233,0.1596721367,0.158728857,0.159977061,0.01796398472,0.00920729598,0.02452263596,122.0894969,79.41475581,153.7807143
11.125,23.78758905,15.50153924,28.58741967,0.1596712169,0.1587254101,0.1599769375,0.01796697365,0.00920505175,0.0245505335,122.4486112,79.53977809,154.3359031
11.16666667,23.78828983,15.4989347,28.60353466,0.1596702978,0.1587219637,0.1599768128,0.01796998493,0.009202826668,0.02457849023,122.8083819,79.66511532,154.8918141
11.20833333,23.78900776,15.49635615,28.61966726,0.1596693794,0.158718518,0.1599766867,0.0179730185,0.009200620481,0.02460650619,123.1688071,79.79076826,155.4484372
11.25,23.78974276,15.49380326,28.63581741,0.1596684617,0.1587150729,0.1599765593,0.01797607426,0.009198432941,0.0246345814,123.5298846,79.91673768,156.0057626
11.29166667,23.79049472,15.49127569,28.65198505,0.1596675447,0.1587116285,0.1599764305,0.01797915213,0.009196263805,0.02466271586,123.8916124,80.04302432,156.5637804
11.33333333,23.79126356,15.48877312,28.66817013,0.1596666283,0.1587081847,0.1599763004,0.01798225201,0.009194112832,0.0246909096,124.2539884,80.16962893,157.1224805
11.375,23.79204918,15.48629523,28.68437259,0.1596657127,0.1587047415,0.1599761689,0.01798537383,0.009191979786,0.02471916264,124.6170104,80.29655223,157.6818529
11.41666667,23.7928515,15.4838417,28.70059236,0.1596647977,0.1587012989,0.159976036,0.01798851749,0.009189864435,0.024747475,124.9806762,80.42379494,158.2418875
11.45833333,23.79367042,15.48141222,28.71682939,0.1596638834,0.158697857,0.1599759018,0.01799168293,0.009187766549,0.02477584667,125.3449837,80.55135777,158.802574
11.5,23.79450585,15.47900649,28.73308362,0.1596629698,0.1586944157,0.1599757661,0.01799487004,0.009185685905,0.02480427769,125.7099305,80.67924141,159.3639023
11.54166667,23.79535771,15.4766242,28.74935499,0.1596620568,0.158690975,0.159975629,0.01799807876,0.009183622279,0.02483276806,126.0755145,80.80744654,159.9258622
11.58333333,23.79622591,15.47426506,28.76564344,0.1596611445,0.1586875349,0.1599754905,0.018001309,0.009181575455,0.02486131779,126.4417334,80.93597383,160.4884433
11.625,23.79711035,15.47192878,28.7819489,0.1596602328,0.1586840954,0.1599753506,0.01800456069,0.009179545217,0.0248899269,126.8085849,81.06482395,161.0516352
11.66666667,23.79801096,15.46961506,28.79827132,0.1596593218,0.1586806565,0.1599752091,0.01800783373,0.009177531354,0.02491859539,127.1760665,81.19399752,161.6154276
11.70833333,23.79892765,15.46732363,28.81461064,0.1596584114,0.1586772182,0.1599750663,0.01801112806,0.009175533657,0.02494732327,127.544176,81.3234952,162.1798099
11.75,23.79986034,15.46505421,28.83096678,0.1596575017,0.1586737806,0.1599749219,0.01801444359,0.009173551923,0.02497611055,127.912911,81.4533176,162.7447718
11.79166667,23.80080893,15.46280652,28.84733969,0.1596565925,0.1586703435,0.159974776,0.01801778025,0.00917158595,0.02500495723,128.2822691,81.58346533,163.3103027
11.83333333,23.80177335,15.46058029,28.8637293,0.159655684,0.158666907,0.1599746287,0.01802113797,0.009169635539,0.02503386333,128.6522478,81.71393899,163.8763919
11.875,23.80275351,15.45837525,28.88013556,0.1596547762,0.1586634711,0.1599744798,0.01802451666,0.009167700494,0.02506282884,129.0228446,81.84473919,164.4430289
11.91666667,23.80374934,15.45619115,28.89655838,0.1596538689,0.1586600359,0.1599743294,0.01802791625,0.009165780624,0.02509185377,129.3940572,81.97586649,165.0102029
11.95833333,23.80476074,15.45402773,28.91299772,0.1596529623,0.1586566012,0.1599741774,0.01803133667,0.009163875738,0.02512093813,129.7658828,82.10732147,165.5779033
12,23.80578765,15.45188472,28.9294535,0.1596520562,0.1586531671,0.1599740239,0.01803477784,0.009161985651,0.0251500819,130.1383191,82.23910469,166.1461194
12.04166667,23.80682998,15.44976188,28.94592566,0.1596511508,0.1586497336,0.1599738688,0.0180382397,0.009160110179,0.02517928509,130.5113634,82.37121671,166.7148402
12.08333333,23.80788765,15.44765896,28.96241413,0.159650246,0.1586463007,0.1599737121,0.01804172216,0.00915824914,0.0252085477,130.8850131,82.50365807,167.284055
12.125,23.80896058,15.44557573,28.97891884,0.1596493417,0.1586428683,0.1599735538,0.01804522516,0.009156402357,0.02523786974,131.2592656,82.6364293,167.853753
12.16666667,23.81004871,15.44351193,28.99543973,0.1596484381,0.1586394366,0.1599733939,0.01804874863,0.009154569654,0.02526725118,131.6341183,82.76953095,168.4239231
12.20833333,23.81115194,15.44146734,29.01197673,0.159647535,0.1586360054,0.1599732324,0.0180522925,0.009152750859,0.02529669204,132.0095684,82.90296353,168.9945546
12.25,23.8122702,15.43944171,29.02852976,0.1596466325,0.1586325749,0.1599730692,0.01805585669,0.009150945802,0.0253261923,132.3856133,83.03672755,169.5656363
12.29166667,23.81340342,15.43743483,29.04509877,0.1596457306,0.1586291449,0.1599729044,0.01805944114,0.009149154314,0.02535575196,132.7622503,83.17082353,170.1371573
12.33333333,23.81455152,15.43544647,29.06168367,0.1596448293,0.1586257155,0.1599727379,0.01806304579,0.009147376231,0.025385371,133.1394765,83.30525194,170.7091065
12.375,23.81571443,15.43347639,29.07828441,0.1596439285,0.1586222866,0.1599725698,0.01806667055,0.00914561139,0.02541504944,133.5172891,83.44001328,171.2814728
12.41666667,23.81689207,15.43152439,29.09490091,0.1596430283,0.1586188584,0.1599723999,0.01807031537,0.009143859632,0.02544478724,133.8956854,83.575108,171.8542452
12.45833333,23.81808438,15.42959025,29.11153309,0.1596421286,0.1586154307,0.1599722284,0.01807398018,0.009142120797,0.0254745844,134.2746625,83.71053656,172.4274124
12.5,23.81929127,15.42767376,29.1281809,0.1596412295,0.1586120036,0.1599720551,0.01807766492,0.009140394732,0.02550444091,134.6542176,83.84629938,173.0009634
12.54166667,23.82051268,15.4257747,29.14484425,0.159640331,0.1586085771,0.1599718801,0.01808136951,0.009138681282,0.02553435676,135.0343476,83.98239689,173.5748868
12.58333333,23.82174853,15.42389287,29.16152307,0.159639433,0.1586051512,0.1599717033,0.01808509389,0.009136980297,0.02556433193,135.4150498,84.11882946,174.1491715
12.625,23.82299875,15.42202807,29.17821729,0.1596385356,0.1586017258,0.1599715248,0.01808883801,0.009135291629,0.02559436641,135.7963212,84.25559748,174.7238063
12.66666667,23.82426328,15.42018008,29.19492684,0.1596376386,0.158598301,0.1599713445,0.01809260179,0.00913361513,0.02562446017,136.1781587,84.39270131,175.2987797
12.70833333,23.82554204,15.41834873,29.21165164,0.1596367423,0.1585948768,0.1599711625,0.01809638517,0.009131950658,0.02565461321,136.5605595,84.53014126,175.8740806
12.75,23.82683497,15.41653381,29.22839163,0.1596358464,0.1585914531,0.1599709786,0.0181001881,0.009130298068,0.0256848255,136.9435204,84.66791767,176.4496975
12.79166667,23.82814199,15.41473512,29.24514671,0.1596349511,0.1585880301,0.1599707929,0.0181040105,0.009128657222,0.02571509703,137.3270385,84.80603083,177.0256192
12.83333333,23.82946304,15.41295249,29.26191683,0.1596340563,0.1585846076,0.1599706054,0.01810785232,0.009127027982,0.02574542776,137.7111106,84.94448103,177.6018341
12.875,23.83079805,15.41118572,29.2787019,0.1596331621,0.1585811856,0.1599704161,0.0181117135,0.009125410211,0.02577581769,138.0957337,85.08326851,178.178331
12.91666667,23.83214696,15.40943463,29.29550184,0.1596322683,0.1585777643,0.1599702248,0.01811559397,0.009123803775,0.02580626678,138.4809046,85.22239353,178.7550984
12.95833333,23.83350969,15.40769904,29.31231659,0.1596313751,0.1585743435,0.1599700318,0.01811949368,0.009122208542,0.02583677502,138.8666203,85.36185633,179.3321249
13,23.83488618,15.40597876,29.32914606,0.1596304823,0.1585709233,0.1599698368,0.01812341256,0.009120624382,0.02586734238,139.2528775,85.50165711,179.9093989
13.04166667,23.83627637,15.40427363,29.34599018,0.1596295901,0.1585675036,0.15996964,0.01812735056,0.009119051167,0.02589796882,139.639673,85.64179607,180.486909
13.08333333,23.83768019,15.40258346,29.36284886,0.1596286984,0.1585640845,0.1599694412,0.01813130762,0.009117488771,0.02592865433,140.0270037,85.78227341,181.0646438
13.125,23.83909758,15.4009081,29.37972204,0.1596278072,0.158560666,0.1599692405,0.01813528369,0.009115937067,0.02595939887,140.4148663,85.92308929,181.6425916
13.16666667,23.84052847,15.39924736,29.39660963,0.1596269164,0.1585572481,0.1599690379,0.01813927869,0.009114395935,0.02599020241,140.8032576,86.06424388,182.2207411
13.20833333,23.8419728,15.39760108,29.41351155,0.1596260262,0.1585538307,0.1599688333,0.01814329259,0.009112865252,0.02602106493,141.1921742,86.20573733,182.7990805
13.25,23.8434305,15.3959691,29.43042772,0.1596251364,0.1585504139,0.1599686267,0.01814732531,0.009111344898,0.02605198639,141.5816129,86.34756977,183.3775984
13.29166667,23.84490152,15.39435125,29.44735806,0.1596242472,0.1585469976,0.1599684182,0.01815137681,0.009109834758,0.02608296675,141.9715703,86.48974134,183.9562833
13.33333333,23.84638579,15.39274738,29.4643025,0.1596233584,0.158543582,0.1599682077,0.01815544703,0.009108334713,0.02611400599,142.3620431,86.63225215,184.5351234
13.375,23.84788325,15.39115732,29.48126095,0.1596224701,0.1585401669,0.1599679951,0.01815953591,0.009106844651,0.02614510406,142.7530278,86.77510231,185.1141073
13.41666667,23.84939385,15.38958093,29.49823333,0.1596215822,0.1585367523,0.1599677806,0.0181636434,0.009105364457,0.02617626093,143.1445212,86.91829193,185.6932234
13.45833333,23.85091751,15.38801805,29.51521955,0.1596206949,0.1585333384,0.159967564,0.01816776944,0.009103894022,0.02620747656,143.5365197,87.06182109,186.27246
13.5,23.85245418,15.38646852,29.53221954,0.159619808,0.158529925,0.1599673453,0.01817191398,0.009102433235,0.02623875091,143.9290199,87.20568988,186.8518056
13.54166667,23.8540038,15.38493221,29.54923322,0.1596189215,0.1585265121,0.1599671246,0.01817607698,0.009100981987,0.02627008394,144.3220183,87.34989839,187.4312485
13.58333333,23.85556631,15.38340895,29.5662605,0.1596180356,0.1585230999,0.1599669018,0.01818025836,0.009099540174,0.02630147561,144.7155115,87.49444667,188.0107771
13.625,23.85714165,15.38189861,29.58330129,0.15961715,0.1585196882,0.159966677,0.01818445809,0.009098107688,0.02633292588,145.109496,87.63933479,188.5903798
13.66666667,23.85872977,15.38040105,29.60035551,0.159616265,0.158516277,0.15996645,0.0181886761,0.009096684428,0.0263644347,145.5039681,87.78456282,189.170045
13.70833333,23.8603306,15.37891612,29.61742309,0.1596153804,0.1585128665,0.1599662209,0.01819291235,0.00909527029,0.02639600203,145.8989244,87.93013079,189.7497611
13.75,23.86194409,15.37744368,29.63450392,0.1596144962,0.1585094565,0.1599659896,0.01819716679,0.009093865173,0.02642762781,146.2943613,88.07603877,190.3295164
13.79166667,23.86357019,15.3759836,29.65159794,0.1596136125,0.1585060471,0.1599657562,0.01820143936,0.009092468979,0.02645931201,146.6902751,88.22228678,190.9092993
13.83333333,23.86520882,15.37453573,29.66870505,0.1596127292,0.1585026382,0.1599655207,0.01820573002,0.009091081609,0.02649105457,147.0866623,88.36887487,191.4890981
13.875,23.86685995,15.37309996,29.68582516,0.1596118463,0.1584992299,0.1599652829,0.01821003871,0.009089702966,0.02652285545,147.4835192,88.51580306,192.0689014
13.91666667,23.86852351,15.37167614,29.7029582,0.1596109639,0.1584958222,0.159965043,0.01821436538,0.009088332955,0.02655471459,147.8808421,88.66307137,192.6486974
13.95833333,23.87019944,15.37026415,29.72010407,0.159610082,0.1584924151,0.1599648009,0.01821870998,0.009086971482,0.02658663194,148.2786274,88.81067984,193.2284746
14,23.8718877,15.36886386,29.73726269,0.1596092004,0.1584890085,0.1599645565,0.01822307247,0.009085618455,0.02661860745,148.6768713,88.95862846,193.8082214
14.04166667,23.87358823,15.36747513,29.75443397,0.1596083193,0.1584856025,0.1599643099,0.01822745279,0.009084273781,0.02665064106,149.0755702,89.10691726,194.3879261
14.08333333,23.87530097,15.36609785,29.77161782,0.1596074386,0.1584821971,0.159964061,0.0182318509,0.00908293737,0.02668273271,149.4747203,89.25554623,194.9675772
14.125,23.87702587,15.3647319,29.78881416,0.1596065583,0.1584787922,0.1599638099,0.01823626675,0.009081609133,0.02671488236,149.8743178,89.40451537,195.5471632
14.16666667,23.87876288,15.36337714,29.80602289,0.1596056785,0.1584753879,0.1599635565,0.01824070029,0.009080288982,0.02674708993,150.274359,89.55382468,196.1266724
14.20833333,23.88051194,15.36203347,29.82324392,0.159604799,0.1584719842,0.1599633009,0.01824515147,0.009078976832,0.02677935538,150.67484,89.70347415,196.7060933
14.25,23.882273,15.36070076,29.84047717,0.15960392,0.1584685811,0.1599630429,0.01824962024,0.009077672595,0.02681167864,151.0757571,89.85346375,197.2854143
14.29166667,23.88404601,15.3593789,29.85772255,0.1596030414,0.1584651785,0.1599627826,0.01825410657,0.009076376187,0.02684405964,151.4771063,90.00379346,197.864624
14.33333333,23.88583091,15.35806777,29.87497997,0.1596021631,0.1584617765,0.1599625199,0.01825861039,0.009075087526,0.02687649834,151.8788839,90.15446325,198.4437109
14.375,23.88762766,15.35676725,29.89224933,0.1596012853,0.1584583751,0.1599622549,0.01826313167,0.00907380653,0.02690899465,152.2810861,90.30547308,199.0226634
14.41666667,23.88943621,15.35547724,29.90953054,0.1596004079,0.1584549742,0.1599619876,0.01826767036,0.009072533116,0.02694154852,152.6837088,90.45682291,199.60147
14.45833333,23.8912565,15.35419763,29.92682352,0.1595995309,0.158451574,0.1599617178,0.01827222641,0.009071267206,0.02697415987,153.0867482,90.60851269,200.1801194
14.5,23.89308848,15.35292829,29.94412818,0.1595986543,0.1584481743,0.1599614457,0.01827679978,0.009070008719,0.02700682865,153.4902004,90.76054236,200.7586001
14.54166667,23.8949321,15.35166914,29.96144441,0.159597778,0.1584447751,0.1599611711,0.01828139042,0.009068757579,0.02703955478,153.8940614,90.91291185,201.3369006
14.58333333,23.89678731,15.35042006,29.97877213,0.1595969022,0.1584413766,0.1599608942,0.01828599829,0.009067513709,0.02707233819,154.2983273,91.06562109,201.9150096
14.625,23.89865407,15.34918094,29.99611125,0.1595960267,0.1584379786,0.1599606147,0.01829062334,0.009066277032,0.02710517882,154.7029941,91.21867001,202.4929157
14.66666667,23.90053232,15.34795168,30.01346166,0.1595951516,0.1584345812,0.1599603329,0.01829526553,0.009065047473,0.02713807657,155.1080579,91.37205851,203.0706075
14.70833333,23.90242201,15.34673219,30.03082329,0.1595942769,0.1584311844,0.1599600486,0.01829992482,0.00906382496,0.0271710314,155.5135146,91.5257865,203.6480737
14.75,23.9043231,15.34552235,30.04819603,0.1595934026,0.1584277881,0.1599597618,0.01830460115,0.009062609418,0.02720404321,155.9193602,91.67985388,204.2253031
14.79166667,23.90623554,15.34432207,30.0655798,0.1595925287,0.1584243925,0.1599594725,0.01830929449,0.009061400777,0.02723711193,156.3255906,91.83426055,204.8022843
14.83333333,23.90815928,15.34313125,30.08297449,0.1595916551,0.1584209974,0.1599591807,0.0183140048,0.009060198964,0.02727023748,156.7322018,91.98900639,205.3790062
14.875,23.91009426,15.34194979,30.10038001,0.1595907819,0.1584176029,0.1599588863,0.01831873202,0.00905900391,0.02730341979,157.1391898,92.14409128,205.9554574
14.91666667,23.91204046,15.3407776,30.11779627,0.1595899091,0.158414209,0.1599585895,0.01832347613,0.009057815546,0.02733665878,157.5465505,92.29951508,206.5316268
14.95833333,23.91399781,15.33961458,30.13522317,0.1595890366,0.1584108156,0.15995829,0.01832823707,0.009056633803,0.02736995436,157.9542797,92.45527767,207.1075033
15,23.91596627,15.33846063,30.15266061,0.1595881645,0.1584074229,0.159957988,0.0183330148,0.009055458613,0.02740330645,158.3623733,92.6113789,207.6830757
15.04166667,23.9179458,15.33731568,30.17010851,0.1595872928,0.1584040307,0.1599576835,0.01833780928,0.009054289911,0.02743671496,158.7708273,92.76781861,208.2583329
15.08333333,23.91993635,15.33617962,30.18756676,0.1595864214,0.1584006391,0.1599573763,0.01834262048,0.009053127631,0.02747017982,159.1796373,92.92459666,208.8332639
15.125,23.92193787,15.33505236,30.20503526,0.1595855503,0.1583972481,0.1599570665,0.01834744834,0.009051971707,0.02750370094,159.5887994,93.08171288,209.4078577
15.16666667,23.92395031,15.33393382,30.22251393,0.1595846797,0.1583938577,0.1599567541,0.01835229282,0.009050822076,0.02753727822,159.9983093,93.23916709,209.9821032
15.20833333,23.92597364,15.3328239,30.24000265,0.1595838093,0.1583904678,0.1599564391,0.01835715389,0.009049678674,0.02757091159,160.4081628,93.39695912,210.5559896
15.25,23.9280078,15.33172253,30.25750134,0.1595829394,0.1583870786,0.1599561214,0.01836203151,0.009048541439,0.02760460094,160.8183558,93.55508878,211.1295058
15.29166667,23.93005276,15.33062961,30.2750099,0.1595820697,0.1583836899,0.159955801,0.01836692563,0.009047410309,0.0276383462,161.2288839,93.71355588,211.7026411
15.33333333,23.93210847,15.32954506,30.29252822,0.1595812004,0.1583803018,0.159955478,0.01837183621,0.009046285224,0.02767214726,161.639743,93.87236022,212.2753846
15.375,23.93417487,15.3284688,30.31005622,0.1595803315,0.1583769143,0.1599551522,0.01837676322,0.009045166123,0.02770600404,162.0509289,94.03150159,212.8477255
15.41666667,23.93625194,15.32740074,30.32759378,0.1595794629,0.1583735274,0.1599548237,0.01838170661,0.009044052947,0.02773991643,162.4624372,94.19097978,213.4196531
15.45833333,23.93833963,15.32634081,30.34514082,0.1595785946,0.1583701411,0.1599544926,0.01838666634,0.009042945638,0.02777388435,162.8742638,94.35079455,213.9911566
15.5,23.94043788,15.32528892,30.36269723,0.1595777266,0.1583667554,0.1599541586,0.01839164237,0.009041844137,0.02780790769,163.2864044,94.51094569,214.5622253
15.54166667,23.94254667,15.32424499,30.38026291,0.159576859,0.1583633702,0.159953822,0.01839663467,0.009040748387,0.02784198636,163.6988546,94.67143294,215.1328488
15.58333333,23.94466594,15.32320895,30.39783776,0.1595759918,0.1583599857,0.1599534825,0.01840164319,0.009039658332,0.02787612026,164.1116102,94.83225607,215.7030163
15.625,23.94679566,15.32218071,30.41542168,0.1595751248,0.1583566018,0.1599531403,0.0184066679,0.009038573917,0.02791030929,164.524667,94.99341482,216.2727173
15.66666667,23.94893578,15.3211602,30.43301458,0.1595742582,0.1583532184,0.1599527953,0.01841170876,0.009037495086,0.02794455334,164.9380204,95.15490892,216.8419414
15.70833333,23.95108626,15.32014735,30.45061635,0.1595733919,0.1583498356,0.1599524474,0.01841676572,0.009036421784,0.02797885231,165.3516664,95.31673811,217.4106782
15.75,23.95324706,15.31914208,30.46822688,0.1595725259,0.1583464535,0.1599520967,0.01842183875,0.009035353959,0.0280132061,165.7656004,95.4789021,217.9789171
15.79166667,23.95541814,15.31814432,30.48584609,0.1595716602,0.1583430719,0.1599517432,0.01842692782,0.009034291556,0.02804761461,166.1798183,95.6414006,218.546648
15.83333333,23.95759945,15.31715399,30.50347386,0.1595707948,0.1583396909,0.1599513869,0.01843203288,0.009033234524,0.02808207771,166.5943155,95.80423332,219.1138605
15.875,23.95979095,15.31617102,30.52111009,0.1595699298,0.1583363105,0.1599510276,0.01843715389,0.009032182812,0.02811659532,167.0090879,95.96739996,219.6805444
15.91666667,23.96199261,15.31519534,30.53875469,0.1595690651,0.1583329307,0.1599506655,0.01844229082,0.009031136367,0.02815116731,167.4241309,96.1309002,220.2466894
15.95833333,23.96420438,15.31422688,30.55640754,0.1595682006,0.1583295515,0.1599503005,0.01844744363,0.00903009514,0.02818579358,167.8394403,96.29473373,220.8122855
16,23.96642622,15.31326557,30.57406855,0.1595673365,0.158326173,0.1599499326,0.01845261228,0.00902905908,0.02822047401,168.2550117,96.45890021,221.3773226
16.04166667,23.96865809,15.31231134,30.59173762,0.1595664727,0.158322795,0.1599495617,0.01845779674,0.009028028138,0.0282552085,168.6708405,96.6233993,221.9417907
16.08333333,23.97089996,15.31136413,30.60941464,0.1595656092,0.1583194176,0.1599491879,0.01846299697,0.009027002266,0.02828999692,169.0869226,96.78823067,222.5056797
16.125,23.97315178,15.31042386,30.6270995,0.159564746,0.1583160408,0.1599488112,0.01846821292,0.009025981416,0.02832483917,169.5032534,96.95339395,223.0689799
16.16666667,23.97541351,15.30949047,30.64479211,0.1595638831,0.1583126646,0.1599484315,0.01847344457,0.00902496554,0.02835973512,169.9198286,97.1188888,223.6316812
16.20833333,23.97768511,15.3085639,30.66249236,0.1595630205,0.158309289,0.1599480488,0.01847869188,0.00902395459,0.02839468466,170.3366436,97.28471483,224.193774
16.25,23.97996655,15.30764408,30.68020014,0.1595621582,0.158305914,0.1599476631,0.01848395481,0.009022948522,0.02842968767,170.7536942,97.45087167,224.7552485
16.29166667,23.98225778,15.30673095,30.69791535,0.1595612962,0.1583025397,0.1599472744,0.01848923333,0.009021947289,0.02846474403,171.1709759,97.61735894,225.3160949
16.33333333,23.98455877,15.30582444,30.71563789,0.1595604344,0.1582991659,0.1599468826,0.01849452739,0.009020950845,0.02849985362,171.5884842,97.78417625,225.8763038
16.375,23.98686948,15.3049245,30.73336766,0.159559573,0.1582957927,0.1599464879,0.01849983696,0.009019959146,0.02853501631,172.0062147,97.95132318,226.4358655
16.41666667,23.98918987,15.30403105,30.75110454,0.1595587118,0.1582924202,0.15994609,0.01850516202,0.009018972148,0.02857023198,172.4241629,98.11879934,226.9947705
16.45833333,23.9915199,15.30314404,30.76884843,0.1595578509,0.1582890482,0.1599456892,0.01851050251,0.009017989808,0.02860550051,172.8423244,98.28660431,227.5530095
16.5,23.99385953,15.30226341,30.78659922,0.1595569904,0.1582856769,0.1599452852,0.0185158584,0.009017012081,0.02864082177,173.2606948,98.45473766,228.1105729
16.54166667,23.99620873,15.3013891,30.80435682,0.15955613,0.1582823061,0.1599448781,0.01852122967,0.009016038926,0.02867619563,173.6792696,98.62319896,228.6674516
16.58333333,23.99856746,15.30052105,30.82212111,0.15955527,0.158278936,0.1599444679,0.01852661627,0.009015070301,0.02871162197,174.0980443,98.79198777,229.2236363
16.625,24.00093569,15.2996592,30.83989199,0.1595544103,0.1582755665,0.1599440546,0.01853201817,0.009014106162,0.02874710064,174.5170144,98.96110364,229.7791177
16.66666667,24.00331336,15.2988035,30.85766935,0.1595535508,0.1582721976,0.1599436382,0.01853743533,0.009013146471,0.02878263154,174.9361755,99.13054613,230.3338868
16.70833333,24.00570046,15.29795388,30.87545308,0.1595526916,0.1582688293,0.1599432186,0.01854286772,0.009012191185,0.02881821451,175.3555231,99.30031476,230.8879346
16.75,24.00809693,15.2971103,30.89324308,0.1595518326,0.1582654616,0.1599427958,0.01854831531,0.009011240265,0.02885384943,175.7750527,99.47040906,231.4412519
16.79166667,24.01050275,15.29627269,30.91103925,0.159550974,0.1582620946,0.1599423699,0.01855377805,0.009010293671,0.02888953616,176.1947598,99.64082857,231.9938301
16.83333333,24.01291788,15.29544101,30.92884147,0.1595501156,0.1582587281,0.1599419408,0.01855925591,0.009009351364,0.02892527457,176.61464,99.81157279,232.54566
16.875,24.01534228,15.29461519,30.94664964,0.1595492574,0.1582553623,0.1599415084,0.01856474887,0.009008413305,0.02896106452,177.0346888,99.98264123,233.0967331
16.91666667,24.01777592,15.29379519,30.96446364,0.1595483996,0.1582519971,0.1599410729,0.01857025688,0.009007479455,0.02899690587,177.4549016,100.1540334,233.6470406
16.95833333,24.02021875,15.29298095,30.98228338,0.159547542,0.1582486325,0.1599406341,0.01857577991,0.009006549778,0.02903279848,177.875274,100.3257488,234.1965739
17,24.02267076,15.29217242,31.00010875,0.1595466846,0.1582452685,0.1599401921,0.01858131793,0.009005624234,0.02906874221,178.2958015,100.4977868,234.7453243
17.04166667,24.02513189,15.29136954,31.01793963,0.1595458275,0.1582419051,0.1599397468,0.0185868709,0.009004702787,0.02910473693,178.7164796,100.6701471,235.2932834
17.08333333,24.02760211,15.29057227,31.03577592,0.1595449707,0.1582385424,0.1599392982,0.01859243879,0.009003785402,0.02914078248,179.1373038,100.842829,235.8404427
17.125,24.0300814,15.28978056,31.05361751,0.1595441141,0.1582351803,0.1599388463,0.01859802156,0.00900287204,0.02917687873,179.5582696,101.015832,236.386794
17.16666667,24.03256971,15.28899435,31.07146429,0.1595432578,0.1582318188,0.1599383912,0.01860361918,0.009001962668,0.02921302552,179.9793724,101.1891556,236.9323288
17.20833333,24.03506701,15.2882136,31.08931616,0.1595424017,0.1582284579,0.1599379327,0.01860923162,0.009001057248,0.02924922272,180.400608,101.3627992,237.4770391
17.25,24.03757326,15.28743825,31.107173,0.1595415459,0.1582250976,0.1599374709,0.01861485884,0.009000155747,0.02928547017,180.8219716,101.5367622,238.0209166
17.29166667,24.04008843,15.28666827,31.12503471,0.1595406903,0.158221738,0.1599370057,0.01862050081,0.00899925813,0.02932176773,181.2434588,101.7110442,238.5639533
17.33333333,24.04261249,15.28590359,31.14290117,0.159539835,0.158218379,0.1599365372,0.0186261575,0.008998364363,0.02935811524,181.6650651,101.8856445,239.1061411
17.375,24.04514541,15.28514418,31.16077228,0.1595389799,0.1582150206,0.1599360654,0.01863182887,0.008997474411,0.02939451256,182.0867861,102.0605625,239.6474723
17.41666667,24.04768714,15.28438998,31.17864793,0.159538125,0.1582116628,0.1599355901,0.01863751489,0.008996588241,0.02943095953,182.5086172,102.2357976,240.1879389
17.45833333,24.05023765,15.28364096,31.19652801,0.1595372704,0.1582083057,0.1599351115,0.01864321552,0.008995705822,0.029467456,182.9305539,102.4113494,240.7275332
17.5,24.05279692,15.28289706,31.21441241,0.159536416,0.1582049492,0.1599346294,0.01864893073,0.008994827118,0.02950400181,183.3525918,102.587217,241.2662474
17.54166667,24.0553649,15.28215824,31.23230102,0.1595355619,0.1582015933,0.1599341439,0.0186546605,0.0089939521,0.02954059682,183.7747263,102.7634001,241.804074
17.58333333,24.05794157,15.28142445,31.25019372,0.159534708,0.1581982381,0.159933655,0.01866040478,0.008993080734,0.02957724086,184.196953,102.9398979,242.3410055
17.625,24.06052688,15.28069566,31.26809042,0.1595338544,0.1581948834,0.1599331626,0.01866616355,0.008992212988,0.02961393377,184.6192673,103.1167097,242.8770343
17.66666667,24.06312082,15.27997182,31.285991,0.1595330009,0.1581915295,0.1599326668,0.01867193677,0.008991348833,0.0296506754,185.0416648,103.2938351,243.412153
17.70833333,24.06572334,15.27925287,31.30389535,0.1595321477,0.1581881761,0.1599321675,0.0186777244,0.008990488237,0.02968746559,185.4641411,103.4712733,243.9463544
17.75,24.06833441,15.27853879,31.32180336,0.1595312948,0.1581848234,0.1599316647,0.01868352642,0.008989631169,0.02972430417,185.8866915,103.6490238,244.4796313
17.79166667,24.07095401,15.27782953,31.33971492,0.159530442,0.1581814713,0.1599311584,0.01868934279,0.008988777599,0.02976119098,186.3093117,103.8270858,245.0119764
17.83333333,24.07358209,15.27712505,31.35762992,0.1595295895,0.1581781198,0.1599306486,0.01869517349,0.008987927497,0.02979812587,186.7319971,104.0054586,245.5433827
17.875,24.07621862,15.2764253,31.37554825,0.1595287372,0.158174769,0.1599301353,0.01870101847,0.008987080834,0.02983510866,187.1547433,104.1841418,246.0738432
17.91666667,24.07886358,15.27573025,31.3934698,0.1595278852,0.1581714188,0.1599296184,0.0187068777,0.008986237581,0.02987213918,187.5775459,104.3631344,246.603351
17.95833333,24.08151693,15.27503985,31.41139445,0.1595270333,0.1581680693,0.159929098,0.01871275116,0.008985397709,0.02990921729,188.0004003,104.542436,247.1318993
18,24.08417864,15.27435407,31.4293221,0.1595261817,0.1581647203,0.159928574,0.01871863881,0.008984561189,0.02994634279,188.4233021,104.7220457,247.6594812
18.04166667,24.08684867,15.27367286,31.44725264,0.1595253303,0.1581613721,0.1599280464,0.01872454062,0.008983727992,0.02998351553,188.8462468,104.901963,248.1860901
18.08333333,24.089527,15.27299619,31.46518595,0.1595244791,0.1581580244,0.1599275152,0.01873045655,0.008982898092,0.03002073534,189.2692301,105.0821871,248.7117195
18.125,24.0922136,15.27232401,31.48312193,0.1595236281,0.1581546774,0.1599269805,0.01873638658,0.00898207146,0.03005800204,189.6922474,105.2627172,249.2363627
18.16666667,24.09490843,15.27165629,31.50106046,0.1595227773,0.1581513311,0.1599264421,0.01874233067,0.008981248069,0.03009531546,190.1152943,105.4435528,249.7600134
18.20833333,24.09761146,15.270993,31.51900143,0.1595219268,0.1581479853,0.1599259001,0.01874828879,0.008980427892,0.03013267544,190.5383664,105.624693,250.2826651
18.25,24.10032266,15.27033409,31.53694473,0.1595210764,0.1581446402,0.1599253544,0.0187542609,0.008979610903,0.03017008178,190.9614592,105.8061372,250.8043116
18.29166667,24.103042,15.26967952,31.55489026,0.1595202263,0.1581412958,0.1599248051,0.01876024699,0.008978797074,0.03020753433,191.3845684,105.9878846,251.3249468
18.33333333,24.10576944,15.26902927,31.57283789,0.1595193764,0.158137952,0.1599242521,0.01876624701,0.008977986379,0.0302450329,191.8076894,106.1699344,251.8445644
18.375,24.10850497,15.26838329,31.59078752,0.1595185267,0.1581346089,0.1599236955,0.01877226092,0.008977178794,0.03028257731,192.2308179,106.3522859,252.3631585
18.41666667,24.11124855,15.26774154,31.60873904,0.1595176771,0.1581312664,0.1599231351,0.01877828872,0.008976374291,0.03032016739,192.6539496,106.5349384,252.880723
18.45833333,24.11400014,15.267104,31.62669233,0.1595168278,0.1581279245,0.1599225711,0.01878433034,0.008975572846,0.03035780296,193.0770799,106.7178911,253.3972521
18.5,24.11675971,15.26647062,31.64464728,0.1595159787,0.1581245833,0.1599220033,0.01879038578,0.008974774434,0.03039548384,193.5002044,106.9011432,253.9127401
18.54166667,24.11952725,15.26584138,31.66260379,0.1595151298,0.1581212427,0.1599214318,0.01879645499,0.00897397903,0.03043320984,193.9233189,107.084694,254.4271811
18.58333333,24.12230271,15.26521624,31.68056173,0.1595142811,0.1581179028,0.1599208566,0.01880253795,0.008973186609,0.03047098078,194.346419,107.2685426,254.9405697
18.625,24.12508607,15.26459515,31.69852101,0.1595134326,0.1581145635,0.1599202776,0.01880863462,0.008972397148,0.03050879647,194.7695002,107.4526882,255.4529001
18.66666667,24.12787729,15.2639781,31.7164815,0.1595125843,0.1581112249,0.1599196949,0.01881474497,0.008971610621,0.03054665675,195.1925582,107.6371302,255.9641669
18.70833333,24.13067635,15.26336505,31.7344431,0.1595117361,0.1581078869,0.1599191083,0.01882086897,0.008970827006,0.0305845614,195.6155886,107.8218675,256.4743648
18.75,24.13348322,15.26275596,31.75240569,0.1595108882,0.1581045496,0.159918518,0.01882700658,0.008970046278,0.03062251026,196.0385871,108.0068995,256.9834885
18.79166667,24.13629786,15.2621508,31.77036917,0.1595100405,0.1581012129,0.1599179239,0.01883315779,0.008969268415,0.03066050313,196.4615494,108.1922253,257.4915326
18.83333333,24.13912026,15.26154954,31.78833342,0.1595091929,0.1580978769,0.159917326,0.01883932254,0.008968493394,0.03069853983,196.8844712,108.377844,257.9984921
18.875,24.14195037,15.26095214,31.80629832,0.1595083455,0.1580945415,0.1599167242,0.01884550083,0.008967721191,0.03073662016,197.3073481,108.5637548,258.5043619
18.91666667,24.14478817,15.26035858,31.82426378,0.1595074984,0.1580912068,0.1599161187,0.0188516926,0.008966951784,0.03077474393,197.7301758,108.749957,259.009137
18.95833333,24.14763364,15.25976883,31.84222967,0.1595066514,0.1580878727,0.1599155092,0.01885789784,0.008966185152,0.03081291095,198.1529499,108.9364495,259.5128126
19,24.15048673,15.25918284,31.86019589,0.1595058046,0.1580845393,0.1599148959,0.0188641165,0.008965421271,0.03085112103,198.5756664,109.1232315,260.0153837
19.04166667,24.15334743,15.2586006,31.87816232,0.1595049579,0.1580812066,0.1599142788,0.01887034857,0.00896466012,0.03088937397,198.9983207,109.3103022,260.5168456
19.08333333,24.1562157,15.25802207,31.89612885,0.1595041115,0.1580778745,0.1599136577,0.018876594,0.008963901677,0.03092766958,199.4209087,109.4976607,261.0171938
19.125,24.15909152,15.25744723,31.91409538,0.1595032652,0.158074543,0.1599130328,0.01888285277,0.008963145922,0.03096600766,199.8434261,109.6853061,261.5164236
19.16666667,24.16197486,15.25687603,31.93206178,0.1595024192,0.1580712122,0.159912404,0.01888912484,0.008962392832,0.03100438802,200.2658687,109.8732375,262.0145304
19.20833333,24.16486568,15.25630846,31.95002795,0.1595015733,0.1580678821,0.1599117712,0.01889541019,0.008961642387,0.03104281046,200.6882321,110.0614539,262.51151
19.25,24.16776396,15.25574448,31.96799378,0.1595007275,0.1580645526,0.1599111345,0.01890170879,0.008960894566,0.03108127478,201.1105123,110.2499546,263.0073579
19.29166667,24.17066968,15.25518406,31.98595915,0.159499882,0.1580612238,0.1599104939,0.01890802059,0.008960149349,0.03111978078,201.5327049,110.4387384,263.5020699
19.33333333,24.1735828,15.25462719,32.00392396,0.1594990366,0.1580578957,0.1599098493,0.01891434557,0.008959406715,0.03115832826,201.9548057,110.6278046,263.9956418
19.375,24.17650329,15.25407382,32.02188809,0.1594981914,0.1580545682,0.1599092008,0.01892068371,0.008958666644,0.03119691702,202.3768106,110.8171522,264.4880696
19.41666667,24.17943114,15.25352393,32.03985143,0.1594973464,0.1580512414,0.1599085483,0.01892703496,0.008957929117,0.03123554685,202.7987153,111.0067802,264.9793492
19.45833333,24.1823663,15.25297749,32.05781387,0.1594965015,0.1580479152,0.1599078918,0.0189333993,0.008957194113,0.03127421756,203.2205158,111.1966877,265.4694766
19.5,24.18530876,15.25243448,32.0757753,0.1594956568,0.1580445897,0.1599072313,0.0189397767,0.008956461613,0.03131292893,203.6422077,111.3868737,265.958448
19.54166667,24.18825848,15.25189486,32.0937356,0.1594948123,0.1580412649,0.1599065669,0.01894616713,0.008955731598,0.03135168077,204.063787,111.5773373,266.4462597
19.58333333,24.19121543,15.25135862,32.11169468,0.1594939679,0.1580379407,0.1599058984,0.01895257055,0.008955004049,0.03139047286,204.4852496,111.7680775,266.9329079
19.625,24.1941796,15.25082572,32.12965241,0.1594931237,0.1580346172,0.1599052258,0.01895898693,0.008954278946,0.031429305,204.9065912,111.9590933,267.418389
19.66666667,24.19715095,15.25029613,32.14760868,0.1594922797,0.1580312944,0.1599045493,0.01896541625,0.008953556271,0.03146817699,205.3278079,112.1503838,267.9026995
19.70833333,24.20012945,15.24976985,32.1655634,0.1594914358,0.1580279722,0.1599038687,0.01897185847,0.008952836007,0.0315070886,205.7488953,112.3419478,268.3858359
19.75,24.20311509,15.24924682,32.18351643,0.1594905921,0.1580246507,0.159903184,0.01897831356,0.008952118133,0.03154603965,206.1698495,112.5337845,268.8677949
19.79166667,24.20610782,15.24872704,32.20146768,0.1594897486,0.1580213298,0.1599024953,0.01898478149,0.008951402632,0.0315850299,206.5906663,112.7258929,269.348573
19.83333333,24.20910762,15.24821047,32.21941703,0.1594889052,0.1580180097,0.1599018024,0.01899126223,0.008950689486,0.03162405915,207.0113417,112.9182718,269.8281671
19.875,24.21211448,15.2476971,32.23736437,0.1594880619,0.1580146902,0.1599011055,0.01899775576,0.008949978678,0.0316631272,207.4318716,113.1109204,270.3065741
19.91666667,24.21512835,15.24718688,32.2553096,0.1594872189,0.1580113713,0.1599004045,0.01900426202,0.008949270189,0.03170223382,207.8522519,113.3038375,270.7837908
19.95833333,24.21814921,15.24667982,32.2732526,0.159486376,0.1580080532,0.1598996994,0.01901078101,0.008948564002,0.0317413788,208.2724786,113.4970221,271.2598143
20,24.22117705,15.24617586,32.29119325,0.1594855332,0.1580047357,0.1598989902,0.01901731268,0.008947860101,0.03178056193,208.6925476,113.6904733,271.7346416
20.04166667,24.22421182,15.245675,32.30913146,0.1594846906,0.1580014189,0.1598982768,0.01902385701,0.008947158467,0.03181978299,209.112455,113.8841899,272.20827
20.08333333,24.2272535,15.24517721,32.32706712,0.1594838481,0.1579981027,0.1598975593,0.01903041397,0.008946459084,0.03185904177,209.5321968,114.0781709,272.6806965
20.125,24.23030208,15.24468247,32.3450001,0.1594830058,0.1579947872,0.1598968377,0.01903698351,0.008945761935,0.03189833804,209.9517688,114.2724152,273.1519186
20.16666667,24.23335751,15.24419074,32.36293031,0.1594821636,0.1579914724,0.1598961118,0.01904356562,0.008945067004,0.0319376716,210.3711673,114.4669218,273.6219336
20.20833333,24.23641978,15.24370202,32.38085763,0.1594813216,0.1579881583,0.1598953818,0.01905016027,0.008944374273,0.03197704221,210.7903882,114.6616896,274.090739
20.25,24.23948885,15.24321627,32.39878195,0.1594804798,0.1579848448,0.1598946477,0.01905676741,0.008943683728,0.03201644967,211.2094276,114.8567176,274.5583322
20.29166667,24.24256471,15.24273347,32.41670317,0.159479638,0.1579815321,0.1598939093,0.01906338703,0.008942995351,0.03205589375,211.6282815,115.0520046,275.024711
20.33333333,24.24564732,15.24225361,32.43462117,0.1594787965,0.15797822,0.1598931668,0.01907001908,0.008942309127,0.03209537423,212.0469461,115.2475495,275.489873
20.375,24.24873667,15.24177665,32.45253585,0.159477955,0.1579749085,0.15989242,0.01907666355,0.00894162504,0.03213489088,212.4654174,115.4433513,275.9538159
20.41666667,24.25183272,15.24130259,32.47044709,0.1594771137,0.1579715978,0.159891669,0.01908332039,0.008940943075,0.03217444349,212.8836916,115.6394088,276.4165376
20.45833333,24.25493545,15.24083138,32.4883548,0.1594762726,0.1579682877,0.1598909138,0.01908998958,0.008940263215,0.03221403183,213.3017647,115.835721,276.8780359
20.5,24.25804483,15.24036302,32.50625885,0.1594754316,0.1579649783,0.1598901543,0.01909667109,0.008939585446,0.03225365568,213.7196331,116.0322868,277.3383089
20.54166667,24.26116083,15.23989748,32.52415914,0.1594745907,0.1579616696,0.1598893907,0.01910336488,0.008938909751,0.03229331481,214.1372927,116.2291049,277.7973546
20.58333333,24.26428344,15.23943474,32.54205557,0.15947375,0.1579583616,0.1598886227,0.01911007093,0.008938236118,0.032333009,214.5547398,116.4261743,278.255171
20.625,24.26741263,15.23897479,32.55994802,0.1594729094,0.1579550543,0.1598878505,0.0191167892,0.008937564529,0.03237273802,214.9719706,116.6234939,278.7117565
20.66666667,24.27054837,15.23851759,32.57783638,0.1594720689,0.1579517476,0.159887074,0.01912351967,0.008936894971,0.03241250163,215.3889813,116.8210625,279.1671092
20.70833333,24.27369063,15.23806313,32.59572056,0.1594712286,0.1579484416,0.1598862932,0.0191302623,0.008936227429,0.03245229963,215.8057681,117.0188789,279.6212274
20.75,24.27683939,15.23761138,32.61360044,0.1594703884,0.1579451363,0.1598855081,0.01913701706,0.008935561888,0.03249213177,216.2223273,117.2169421,280.0741097
20.79166667,24.27999463,15.23716234,32.63147591,0.1594695483,0.1579418317,0.1598847188,0.01914378393,0.008934898335,0.03253199783,216.6386551,117.4152508,280.5257543
20.83333333,24.28315632,15.23671597,32.64934686,0.1594687084,0.1579385277,0.1598839251,0.01915056286,0.008934236754,0.03257189757,217.0547479,117.613804,280.9761599
20.875,24.28632444,15.23627226,32.6672132,0.1594678686,0.1579352245,0.1598831271,0.01915735383,0.008933577133,0.03261183077,217.4706018,117.8126003,281.4253252
20.91666667,24.28949895,15.23583119,32.68507481,0.1594670289,0.1579319219,0.1598823248,0.01916415682,0.008932919456,0.03265179719,217.8862132,118.0116388,281.8732486
20.95833333,24.29267984,15.23539274,32.70293158,0.1594661894,0.15792862,0.1598815181,0.01917097178,0.00893226371,0.03269179661,218.3015785,118.2109181,282.3199291
21,24.29586708,15.23495689,32.72078341,0.15946535,0.1579253188,0.1598807071,0.01917779869,0.008931609882,0.03273182878,218.716694,118.4104371,282.7653653
21.04166667,24.29906065,15.23452362,32.7386302,0.1594645107,0.1579220183,0.1598798917,0.01918463751,0.008930957957,0.03277189348,219.131556,118.6101946,283.2095562
21.08333333,24.30226051,15.23409291,32.75647183,0.1594636715,0.1579187185,0.159879072,0.01919148822,0.008930307924,0.03281199048,219.5461609,118.8101894,283.6525008
21.125,24.30546666,15.23366474,32.7743082,0.1594628325,0.1579154193,0.1598782479,0.01919835079,0.008929659767,0.03285211953,219.9605051,119.0104203,284.0941979
21.16666667,24.30867906,15.2332391,32.7921392,0.1594619936,0.1579121209,0.1598774194,0.01920522517,0.008929013474,0.0328922804,220.3745851,119.2108861,284.5346468
21.20833333,24.31189768,15.23281597,32.80996473,0.1594611548,0.1579088231,0.1598765866,0.01921211135,0.008928369033,0.03293247286,220.7883972,119.4115856,284.9738465
21.25,24.31512251,15.23239532,32.82778469,0.1594603161,0.157905526,0.1598757493,0.0192190093,0.008927726429,0.03297269668,221.2019379,119.6125176,285.4117962
21.29166667,24.31835351,15.23197714,32.84559896,0.1594594776,0.1579022297,0.1598749077,0.01922591897,0.008927085651,0.0330129516,221.6152037,119.8136808,285.8484953
21.33333333,24.32159067,15.23156141,32.86340745,0.1594586391,0.157898934,0.1598740616,0.01923284035,0.008926446685,0.0330532374,222.0281911,120.015074,286.283943
21.375,24.32483397,15.23114812,32.88121005,0.1594578008,0.157895639,0.1598732111,0.01923977339,0.00892580952,0.03309355383,222.4408965,120.216696,286.7181387
21.41666667,24.32808336,15.23073725,32.89900665,0.1594569626,0.1578923446,0.1598723562,0.01924671807,0.008925174142,0.03313390067,222.8533164,120.4185456,287.1510819
21.45833333,24.33133884,15.23032877,32.91679714,0.1594561245,0.157889051,0.1598714969,0.01925367436,0.008924540539,0.03317427766,223.2654475,120.6206214,287.5827721
21.5,24.33460038,15.22992268,32.93458144,0.1594552865,0.1578857581,0.1598706331,0.01926064223,0.008923908699,0.03321468457,223.6772862,120.8229223,288.0132089
21.54166667,24.33786796,15.22951895,32.95235942,0.1594544487,0.1578824659,0.1598697648,0.01926762164,0.008923278611,0.03325512116,224.0888292,121.025447,288.442392
21.58333333,24.34114154,15.22911757,32.970131,0.1594536109,0.1578791743,0.1598688921,0.01927461257,0.008922650261,0.03329558718,224.5000729,121.2281942,288.870321
21.625,24.34442111,15.22871852,32.98789606,0.1594527733,0.1578758835,0.159868015,0.01928161498,0.008922023639,0.0333360824,224.9110141,121.4311627,289.2969956
21.66666667,24.34770664,15.22832179,33.00565449,0.1594519358,0.1578725933,0.1598671333,0.01928862884,0.008921398732,0.03337660658,225.3216494,121.6343512,289.7224158
21.70833333,24.35099812,15.22792736,33.02340621,0.1594510984,0.1578693039,0.1598662472,0.01929565413,0.008920775528,0.03341715946,225.7319753,121.8377583,290.1465814
21.75,24.3542955,15.2275352,33.04115111,0.1594502611,0.1578660151,0.1598653566,0.0193026908,0.008920154017,0.03345774081,226.1419886,122.041383,290.5694923
21.79166667,24.35759879,15.22714532,33.05888907,0.1594494239,0.157862727,0.1598644615,0.01930973884,0.008919534186,0.03349835039,226.5516859,122.2452237,290.9911485
21.83333333,24.36090793,15.22675768,33.07662001,0.1594485868,0.1578594397,0.159863562,0.0193167982,0.008918916025,0.03353898794,226.961064,122.4492794,291.4115501
21.875,24.36422293,15.22637228,33.09434382,0.1594477498,0.157856153,0.1598626579,0.01932386886,0.008918299521,0.03357965323,227.3701195,122.6535486,291.8306972
21.91666667,24.36754374,15.2259891,33.11206039,0.1594469129,0.157852867,0.1598617492,0.01933095079,0.008917684665,0.03362034601,227.7788492,122.85803,292.24859
21.95833333,24.37087036,15.22560812,33.12976963,0.1594460761,0.1578495817,0.1598608361,0.01933804395,0.008917071445,0.03366106604,228.1872499,123.0627225,292.6652287
22,24.37420275,15.22522932,33.14747144,0.1594452395,0.1578462971,0.1598599184,0.01934514832,0.008916459849,0.03370181306,228.5953183,123.2676245,293.0806135
22.04166667,24.37754089,15.2248527,33.16516571,0.1594444029,0.1578430133,0.1598589962,0.01935226386,0.008915849868,0.03374258683,229.0030512,123.472735,293.4947448
22.08333333,24.38088476,15.22447824,33.18285235,0.1594435664,0.1578397301,0.1598580695,0.01935939054,0.00891524149,0.0337833871,229.4104454,123.6780524,293.907623
22.125,24.38423434,15.22410592,33.20053125,0.1594427301,0.1578364476,0.1598571382,0.01936652834,0.008914634705,0.03382421364,229.8174977,123.8835755,294.3192486
22.16666667,24.3875896,15.22373573,33.21820231,0.1594418938,0.1578331658,0.1598562024,0.01937367721,0.008914029502,0.03386506618,230.2242051,124.089303,294.7296219
22.20833333,24.39095052,15.22336764,33.23586543,0.1594410576,0.1578298847,0.159855262,0.01938083713,0.008913425871,0.03390594448,230.6305643,124.2952336,295.1387437
22.25,24.39431707,15.22300166,33.25352052,0.1594402216,0.1578266044,0.159854317,0.01938800807,0.008912823801,0.0339468483,231.0365723,124.5013658,295.5466144
22.29166667,24.39768924,15.22263776,33.27116748,0.1594393856,0.1578233247,0.1598533675,0.01939518999,0.008912223283,0.03398777737,231.4422259,124.7076984,295.9532347
22.33333333,24.40106701,15.22227593,33.2888062,0.1594385497,0.1578200457,0.1598524133,0.01940238287,0.008911624305,0.03402873147,231.8475222,124.91423,296.3586054
22.375,24.40445034,15.22191615,33.30643659,0.1594377139,0.1578167675,0.1598514546,0.01940958668,0.008911026858,0.03406971032,232.2524579,125.1209593,296.7627271
22.41666667,24.40783921,15.22155842,33.32405854,0.1594368782,0.1578134899,0.1598504913,0.01941680137,0.008910430932,0.03411071369,232.6570302,125.3278849,297.1656007
22.45833333,24.41123361,15.22120271,33.34167197,0.1594360426,0.157810213,0.1598495234,0.01942402693,0.008909836518,0.03415174132,233.0612359,125.5350055,297.5672271
22.5,24.41463351,15.22084901,33.35927678,0.1594352071,0.1578069369,0.1598485509,0.01943126332,0.008909243604,0.03419279297,233.4650721,125.7423196,297.9676071
22.54166667,24.41803889,15.22049732,33.37687286,0.1594343717,0.1578036614,0.1598475738,0.0194385105,0.008908652181,0.03423386837,233.8685358,125.949826,298.3667416
22.58333333,24.42144972,15.22014761,33.39446011,0.1594335364,0.1578003867,0.1598465921,0.01944576845,0.008908062241,0.03427496729,234.271624,126.1575232,298.7646318
22.625,24.42486599,15.21979987,33.41203845,0.1594327011,0.1577971126,0.1598456057,0.01945303714,0.008907473772,0.03431608946,234.6743338,126.3654099,299.1612785
22.66666667,24.42828767,15.21945409,33.42960778,0.159431866,0.1577938393,0.1598446147,0.01946031654,0.008906886767,0.03435723464,235.0766623,126.5734847,299.556683
22.70833333,24.43171473,15.21911025,33.447168,0.1594310309,0.1577905667,0.1598436191,0.0194676066,0.008906301214,0.03439840257,235.4786066,126.7817463,299.9508463
22.75,24.43514717,15.21876835,33.46471901,0.1594301959,0.1577872947,0.1598426189,0.01947490731,0.008905717106,0.034439593,235.8801638,126.9901932,300.3437697
22.79166667,24.43858494,15.21842837,33.48226071,0.159429361,0.1577840235,0.159841614,0.01948221863,0.008905134433,0.03448080568,236.281331,127.198824,300.7354543
22.83333333,24.44202804,15.21809029,33.49979303,0.1594285262,0.157780753,0.1598406045,0.01948954053,0.008904553185,0.03452204035,236.6821053,127.4076374,301.1259015
22.875,24.44547644,15.2177541,33.51731585,0.1594276915,0.1577774832,0.1598395903,0.01949687297,0.008903973353,0.03456329676,237.0824841,127.616632,301.5151125
22.91666667,24.44893012,15.2174198,33.53482908,0.1594268569,0.1577742141,0.1598385714,0.01950421594,0.00890339493,0.03460457465,237.4824644,127.8258063,301.9030887
22.95833333,24.45238905,15.21708737,33.55233263,0.1594260223,0.1577709458,0.1598375479,0.01951156938,0.008902817905,0.03464587378,237.8820434,128.035159,302.2898315
23,24.45585321,15.21675679,33.56982641,0.1594251879,0.1577676781,0.1598365197,0.01951893328,0.008902242269,0.03468719389,238.2812184,128.2446886,302.6753424
23.04166667,24.45932259,15.21642805,33.58731032,0.1594243535,0.1577644111,0.1598354869,0.0195263076,0.008901668015,0.03472853471,238.6799867,128.4543938,303.0596228
23.08333333,24.46279716,15.21610115,33.60478427,0.1594235192,0.1577611449,0.1598344494,0.01953369232,0.008901095133,0.03476989601,239.0783456,128.6642731,303.4426743
23.125,24.4662769,15.21577606,33.62224816,0.1594226849,0.1577578794,0.1598334071,0.01954108739,0.008900523615,0.03481127751,239.4762922,128.8743251,303.8244984
23.16666667,24.46976178,15.21545279,33.63970191,0.1594218508,0.1577546145,0.1598323603,0.01954849278,0.008899953452,0.03485267897,239.873824,129.0845484,304.2050968
23.20833333,24.47325179,15.2151313,33.65714542,0.1594210167,0.1577513504,0.1598313087,0.01955590848,0.008899384636,0.03489410014,240.2709382,129.2949415,304.584471
23.25,24.4767469,15.2148116,33.6745786,0.1594201827,0.157748087,0.1598302524,0.01956333443,0.008898817159,0.03493554075,240.6676323,129.5055031,304.9626229
23.29166667,24.48024709,15.21449367,33.69200136,0.1594193488,0.1577448243,0.1598291914,0.01957077062,0.008898251011,0.03497700055,241.0639035,129.7162317,305.339554
23.33333333,24.48375235,15.2141775,33.7094136,0.1594185149,0.1577415624,0.1598281257,0.01957821701,0.008897686185,0.03501847928,241.4597493,129.9271259,305.7152662
23.375,24.48726264,15.21386308,33.72681524,0.1594176811,0.1577383011,0.1598270553,0.01958567357,0.008897122673,0.03505997669,241.8551671,130.1381842,306.0897613
23.41666667,24.49077795,15.2135504,33.74420618,0.1594168474,0.1577350406,0.1598259802,0.01959314027,0.008896560466,0.03510149252,242.2501543,130.3494052,306.4630411
23.45833333,24.49429825,15.21323944,33.76158634,0.1594160138,0.1577317807,0.1598249004,0.01960061707,0.008895999557,0.03514302652,242.6447083,130.5607875,306.8351074
23.5,24.49782353,15.2129302,33.77895562,0.1594151802,0.1577285216,0.1598238158,0.01960810395,0.008895439938,0.03518457842,243.0388267,130.7723295,307.2059623
23.54166667,24.50135377,15.21262266,33.79631394,0.1594143467,0.1577252632,0.1598227265,0.01961560087,0.0088948816,0.03522614797,243.4325068,130.9840299,307.5756076
23.58333333,24.50488893,15.21231681,33.81366121,0.1594135133,0.1577220055,0.1598216325,0.0196231078,0.008894324535,0.03526773492,243.8257463,131.1958872,307.9440453
23.625,24.50842901,15.21201264,33.83099734,0.15941268,0.1577187486,0.1598205338,0.0196306247,0.008893768737,0.035309339,244.2185426,131.4078999,308.3112774
23.66666667,24.51197397,15.21171014,33.84832223,0.1594118467,0.1577154923,0.1598194303,0.01963815156,0.008893214197,0.03535095996,244.6108933,131.6200666,308.677306
23.70833333,24.5155238,15.2114093,33.86563581,0.1594110135,0.1577122368,0.1598183221,0.01964568833,0.008892660908,0.03539259755,245.0027959,131.8323857,309.0421332
23.75,24.51907849,15.21111011,33.88293798,0.1594101803,0.157708982,0.1598172092,0.01965323499,0.008892108861,0.0354342515,245.3942481,132.0448559,309.405761
23.79166667,24.52263799,15.21081256,33.90022866,0.1594093472,0.1577057279,0.1598160915,0.01966079149,0.008891558051,0.03547592155,245.7852473,132.2574755,309.7681917
23.83333333,24.52620231,15.21051663,33.91750776,0.1594085142,0.1577024745,0.159814969,0.01966835782,0.008891008468,0.03551760746,246.1757914,132.4702431,310.1294273
23.875,24.5297714,15.21022232,33.9347752,0.1594076813,0.1576992218,0.1598138418,0.01967593394,0.008890460106,0.03555930896,246.5658778,132.6831573,310.4894702
23.91666667,24.53334526,15.20992962,33.95203088,0.1594068484,0.1576959699,0.1598127099,0.01968351981,0.008889912958,0.03560102579,246.9555043,132.8962165,310.8483225
23.95833333,24.53692387,15.20963851,33.96927473,0.1594060156,0.1576927187,0.1598115731,0.01969111541,0.008889367015,0.0356427577,247.3446686,133.1094193,311.2059865
24,24.54050719,15.209349,33.98650665,0.1594051828,0.1576894682,0.1598104316,0.01969872069,0.008888822272,0.03568450443,247.7333682,133.322764,311.5624645
24.04166667,24.54409522,15.20906105,34.00372657,0.1594043501,0.1576862184,0.1598092854,0.01970633564,0.00888827872,0.03572626572,248.1216011,133.5362493,311.9177589
24.08333333,24.54768793,15.20877467,34.02093439,0.1594035174,0.1576829693,0.1598081344,0.01971396022,0.008887736353,0.03576804132,248.5093648,133.7498735,312.271872
24.125,24.55128529,15.20848985,34.03813004,0.1594026849,0.157679721,0.1598069786,0.0197215944,0.008887195164,0.03580983096,248.8966571,133.9636352,312.6248062
24.16666667,24.5548873,15.20820658,34.05531342,0.1594018523,0.1576764734,0.159805818,0.01972923814,0.008886655145,0.03585163438,249.283476,134.1775329,312.9765639
24.20833333,24.55849393,15.20792484,34.07248447,0.1594010199,0.1576732265,0.1598046527,0.01973689142,0.00888611629,0.03589345134,249.669819,134.391565,313.3271475
24.25,24.56210515,15.20764463,34.08964309,0.1594001875,0.1576699803,0.1598034826,0.01974455419,0.008885578592,0.03593528157,250.055684,134.6057301,313.6765595
24.29166667,24.56572095,15.20736593,34.10678919,0.1593993551,0.1576667348,0.1598023077,0.01975222644,0.008885042045,0.03597712482,250.441069,134.8200264,314.0248025
24.33333333,24.56934131,15.20708875,34.12392271,0.1593985228,0.1576634901,0.159801128,0.01975990812,0.00888450664,0.03601898082,250.8259716,135.0344527,314.3718788
24.375,24.5729662,15.20681306,34.14104356,0.1593976906,0.1576602461,0.1597999435,0.0197675992,0.008883972372,0.03606084933,251.2103899,135.2490072,314.7177911
24.41666667,24.57659562,15.20653886,34.15815165,0.1593968584,0.1576570028,0.1597990924,0.01977529966,0.008883439235,0.03610273008,251.5943216,135.4636886,315.062542
24.45833333,24.58022952,15.20626614,34.17524691,0.1593960263,0.1576537602,0.1597996948,0.01978300947,0.00888290722,0.03614462281,251.9777648,135.6784951,315.406134
24.5,24.58386791,15.20599489,34.19232925,0.1593951942,0.1576505184,0.1598002987,0.01979072858,0.008882376323,0.03618652726,252.3607173,135.8934254,315.7485698
24.54166667,24.58751075,15.2057251,34.20939859,0.1593943622,0.1576472773,0.1598009043,0.01979845696,0.008881846536,0.03622844319,252.7431771,136.1084778,316.0898519
24.58333333,24.59115803,15.20545677,34.22645486,0.1593935302,0.1576440369,0.1598015114,0.0198061946,0.008881317853,0.03627037033,253.1251421,136.3236508,316.4299831
24.625,24.59480972,15.20518987,34.24349798,0.1593926983,0.1576407972,0.1598021201,0.01981394144,0.008880790268,0.03631230843,253.5066103,136.5389429,316.768966
24.66666667,24.5984658,15.20492441,34.26052786,0.1593918664,0.1576375583,0.1598027304,0.01982169747,0.008880263774,0.03635425723,253.8875798,136.7543525,317.1068034
24.70833333,24.60212627,15.20466038,34.27754443,0.1593910346,0.1576343201,0.1598033422,0.01982946264,0.008879738365,0.03639621646,254.2680486,136.9698781,317.443498
24.75,24.60579108,15.20439776,34.29454761,0.1593902028,0.1576310826,0.1598039556,0.01983723694,0.008879214035,0.03643818589,254.6480147,137.1855181,317.7790525
24.79166667,24.60946024,15.20413655,34.31153732,0.1593893711,0.1576278458,0.1598045706,0.01984502031,0.008878690778,0.03648016524,255.0274761,137.401271,318.1134696
24.83333333,24.61313371,15.20387674,34.32851349,0.1593885394,0.1576246098,0.1598051872,0.01985281274,0.008878168587,0.03652215426,255.4064311,137.6171352,318.4467523
24.875,24.61681147,15.20361832,34.34547603,0.1593877077,0.1576213745,0.1598058054,0.01986061419,0.008877647457,0.0365641527,255.7848775,137.8331092,318.7789033
24.91666667,24.62049351,15.20336128,34.36242488,0.1593868762,0.1576181399,0.1598064251,0.01986842463,0.008877127381,0.03660616029,256.1628137,138.0491914,319.1099254
24.95833333,24.62417981,15.20310562,34.37935995,0.1593860446,0.157614906,0.1598070465,0.01987624402,0.008876608354,0.03664817679,256.5402377,138.2653802,319.4398215
25,24.62787034,15.20285132,34.39628118,0.1593852131,0.1576116729,0.1598076694,0.01988407234,0.008876090369,0.03669020194,256.9171476,138.4816742,319.7685945
25.04166667,24.63156509,15.20259837,34.41318847,0.1593843817,0.1576084405,0.159808294,0.01989190954,0.008875573421,0.03673223548,257.2935418,138.6980717,320.0962472
25.08333333,24.63526404,15.20234678,34.43008177,0.1593835502,0.1576052088,0.1598089201,0.01989975561,0.008875057504,0.03677427715,257.6694182,138.9145712,320.4227826
25.125,24.63896717,15.20209653,34.44696099,0.1593827189,0.1576019779,0.1598095479,0.01990761051,0.008874542612,0.03681632671,258.0447752,139.1311712,320.7482035
25.16666667,24.64267445,15.20184761,34.46382607,0.1593818875,0.1575987477,0.1598101772,0.01991547419,0.008874028739,0.03685838389,258.419611,139.34787,321.0725129
25.20833333,24.64638587,15.20160001,34.48067692,0.1593810563,0.1575955182,0.1598108081,0.01992334665,0.00887351588,0.03690044844,258.7939239,139.5646661,321.3957137
25.25,24.65010141,15.20135373,34.49751348,0.159380225,0.1575922895,0.1598114407,0.01993122783,0.008873004029,0.03694252011,259.1677121,139.781558,321.717809
25.29166667,24.65382105,15.20110875,34.51433568,0.1593793938,0.1575890615,0.1598120749,0.01993911771,0.00887249318,0.03698459863,259.5409738,139.9985441,322.0388017
25.33333333,24.65754477,15.20086508,34.53114343,0.1593785626,0.1575858342,0.1598127106,0.01994701625,0.008871983328,0.03702668377,259.9137075,140.2156228,322.3586948
25.375,24.66127255,15.2006227,34.54793667,0.1593777315,0.1575826076,0.159813348,0.01995492343,0.008871474467,0.03706877526,260.2859113,140.4327927,322.6774914
25.41666667,24.66500437,15.20038161,34.56471533,0.1593769004,0.1575793818,0.159813987,0.01996283922,0.008870966592,0.03711087285,260.6575838,140.650052,322.9951943
25.45833333,24.66874021,15.20014179,34.58147933,0.1593760694,0.1575761567,0.1598146277,0.01997076357,0.008870459698,0.03715297628,261.0287232,140.8673993,323.3118068
25.5,24.67248006,15.19990324,34.59822862,0.1593752383,0.1575729323,0.1598152699,0.01997869645,0.008869953778,0.03719508531,261.3993278,141.084833,323.6273319
25.54166667,24.67622389,15.19966596,34.6149631,0.1593744073,0.1575697087,0.1598159138,0.01998663784,0.008869448828,0.03723719968,261.7693962,141.3023516,323.9417725
25.58333333,24.67997168,15.19942993,34.63168273,0.1593735764,0.1575664858,0.1598165593,0.01999458771,0.008868944842,0.03727931913,262.1389267,141.5199534,324.2551319
25.625,24.68372342,15.19919514,34.64838742,0.1593727455,0.1575632636,0.1598172064,0.02000254601,0.008868441816,0.03732144342,262.5079177,141.7376369,324.5674131
25.66666667,24.68747908,15.1989616,34.66507711,0.1593719146,0.1575600422,0.1598178552,0.02001051272,0.008867939743,0.03736357229,262.8763677,141.9554007,324.8786192
25.70833333,24.69123866,15.19872929,34.68175173,0.1593710837,0.1575568215,0.1598185056,0.02001848781,0.008867438619,0.0374057055,263.2442752,142.173243,325.1887533
25.75,24.69500212,15.1984982,34.69841122,0.1593702529,0.1575536015,0.1598191576,0.02002647123,0.008866938438,0.03744784278,263.6116386,142.3911623,325.4978186
25.79166667,24.69876945,15.19826833,34.7150555,0.1593694221,0.1575503823,0.1598198113,0.02003446297,0.008866439196,0.03748998389,263.9784565,142.6091572,325.8058181
25.83333333,24.70254063,15.19803967,34.7316845,0.1593685914,0.1575471638,0.1598204666,0.02004246299,0.008865940887,0.03753212858,264.3447274,142.8272259,326.1127552
25.875,24.70631564,15.19781222,34.74829817,0.1593677607,0.157543946,0.1598211235,0.02005047125,0.008865443507,0.0375742766,264.7104497,143.045367,326.4186328
25.91666667,24.71009446,15.19758596,34.76489644,0.15936693,0.157540729,0.1598217821,0.02005848773,0.008864947049,0.0376164277,265.0756221,143.263579,326.7234542
25.95833333,24.71387708,15.19736089,34.78147923,0.1593660993,0.1575375127,0.1598224423,0.02006651239,0.008864451511,0.03765858162,265.4402432,143.4818602,327.0272226
26,24.71766347,15.197137,34.79804649,0.1593652687,0.1575342971,0.1598231042,0.0200745452,0.008863956885,0.03770073812,265.8043115,143.7002091,327.3299411
26.04166667,24.72145362,15.19691429,34.81459815,0.159364438,0.1575310823,0.1598237678,0.02008258612,0.008863463168,0.03774289696,266.1678256,143.9186241,327.631613
26.08333333,24.72524751,15.19669275,34.83113414,0.1593636075,0.1575278682,0.159824433,0.02009063512,0.008862970355,0.03778505787,266.5307843,144.1371037,327.9322414
26.125,24.72904512,15.19647237,34.84765441,0.1593627769,0.1575246548,0.1598250998,0.02009869218,0.008862478441,0.03782722062,266.893186,144.3556464,328.2318296
26.16666667,24.73284642,15.19625315,34.86415888,0.1593619464,0.1575214422,0.1598257683,0.02010675726,0.008861987421,0.03786938495,267.2550295,144.5742505,328.5303808
26.20833333,24.73665141,15.19603507,34.8806475,0.1593611159,0.1575182303,0.1598264385,0.02011483033,0.00886149729,0.03791155061,267.6163134,144.7929145,328.8278982
26.25,24.74046006,15.19581814,34.8971202,0.1593602854,0.1575150192,0.1598271103,0.02012291135,0.008861008044,0.03795371737,267.9770365,145.0116369,329.1243851
26.29166667,24.74427236,15.19560234,34.91357693,0.1593594549,0.1575118088,0.1598277838,0.02013100029,0.008860519678,0.03799588498,268.3371974,145.2304162,329.4198446
26.33333333,24.74808828,15.19538767,34.93001761,0.1593586245,0.1575085991,0.159828459,0.02013909712,0.008860032187,0.03803805318,268.6967949,145.4492507,329.7142801
26.375,24.75190781,15.19517412,34.94644219,0.1593577941,0.1575053902,0.1598291359,0.02014720181,0.008859545568,0.03808022173,269.0558278,145.668139,330.0076949
26.41666667,24.75573093,15.19496169,34.9628506,0.1593569637,0.157502182,0.1598298144,0.02015531432,0.008859059815,0.03812239039,269.4142947,145.8870794,330.3000921
26.45833333,24.75955762,15.19475037,34.9792428,0.1593561333,0.1574989745,0.1598304946,0.02016343463,0.008858574923,0.03816455891,269.7721945,146.1060704,330.591475
26.5,24.76338786,15.19454015,34.99561871,0.159355303,0.1574957678,0.1598311764,0.02017156269,0.008858090889,0.03820672704,270.129526,146.3251106,330.881847
26.54166667,24.76722164,15.19433103,35.01197827,0.1593544726,0.1574925618,0.15983186,0.02017969849,0.008857607707,0.03824889455,270.486288,146.5441983,331.1712112
26.58333333,24.77105894,15.19412299,35.02832144,0.1593536423,0.1574893566,0.1598325452,0.02018784198,0.008857125374,0.03829106119,270.8424792,146.763332,331.459571
26.625,24.77489973,15.19391605,35.04464814,0.159352812,0.1574861521,0.1598332321,0.02019599313,0.008856643886,0.03833322672,271.1980987,146.9825101,331.7469296
26.66666667,24.778744,15.19371018,35.06095833,0.1593519818,0.1574829483,0.1598339207,0.02020415191,0.008856163236,0.03837539089,271.5531451,147.2017312,332.0332904
26.70833333,24.78259174,15.19350538,35.07725194,0.1593511515,0.1574797453,0.159834611,0.02021231829,0.008855683422,0.03841755346,271.9076175,147.4209936,332.3186567
26.75,24.78644292,15.19330165,35.09352892,0.1593503213,0.157476543,0.159835303,0.02022049224,0.00885520444,0.03845971419,272.2615147,147.6402959,332.6030316
26.79166667,24.79029752,15.19309898,35.1097892,0.159349491,0.1574733415,0.1598359967,0.02022867372,0.008854726284,0.03850187285,272.6148355,147.8596365,332.8864186
26.83333333,24.79415554,15.19289736,35.12603275,0.1593486608,0.1574701406,0.159836692,0.02023686271,0.00885424895,0.03854402918,272.967579,148.0790139,333.168821
26.875,24.79801694,15.19269679,35.14225949,0.1593478306,0.1574669406,0.1598373891,0.02024505916,0.008853772435,0.03858618294,273.3197441,148.2984265,333.450242
26.91666667,24.80188171,15.19249726,35.15846937,0.1593470005,0.1574637413,0.1598380879,0.02025326304,0.008853296734,0.03862833391,273.6713297,148.5178729,333.7306849
26.95833333,24.80574984,15.19229877,35.17466234,0.1593461703,0.1574605427,0.1598387884,0.02026147434,0.008852821843,0.03867048183,274.0223349,148.7373514,334.0101531
27,24.80962131,15.19210131,35.19083834,0.1593453401,0.1574573448,0.1598394906,0.020269693,0.008852347759,0.03871262648,274.3727585,148.9568606,334.2886498
27.04166667,24.81349609,15.19190488,35.20699732,0.15934451,0.1574541477,0.1598401944,0.020277919,0.008851874476,0.03875476761,274.7225997,149.1763989,334.5661785
27.08333333,24.81737418,15.19170946,35.22313922,0.1593436799,0.1574509514,0.1598409,0.02028615231,0.008851401991,0.03879690498,275.0718574,149.3959648,334.8427423
27.125,24.82125554,15.19151506,35.239264,0.1593428498,0.1574477557,0.1598416074,0.0202943929,0.0088509303,0.03883903837,275.4205307,149.6155569,335.1183447
27.16666667,24.82514018,15.19132166,35.2553716,0.1593420197,0.1574445609,0.1598423164,0.02030264073,0.008850459398,0.03888116752,275.7686186,149.8351735,335.3929889
27.20833333,24.82902806,15.19112927,35.27146196,0.1593411896,0.1574413667,0.1598430271,0.02031089576,0.008849989283,0.03892329221,276.1161203,150.0548131,335.6666782
27.25,24.83291917,15.19093787,35.28753504,0.1593403595,0.1574381733,0.1598437396,0.02031915798,0.00884951995,0.0389654122,276.4630347,150.2744743,335.939416
27.29166667,24.83681349,15.19074747,35.30359079,0.1593395294,0.1574349807,0.1598444538,0.02032742734,0.008849051394,0.03900752726,276.809361,150.4941555,336.2112056
27.33333333,24.84071101,15.19055805,35.31962914,0.1593386994,0.1574317888,0.1598451697,0.02033570381,0.008848583613,0.03904963715,277.1550984,150.7138552,336.4820502
27.375,24.84461171,15.19036961,35.33565006,0.1593378693,0.1574285976,0.1598458874,0.02034398737,0.008848116602,0.03909174163,277.5002459,150.933572,336.7519533
27.41666667,24.84851556,15.19018214,35.35165349,0.1593370392,0.1574254072,0.1598466067,0.02035227797,0.008847650358,0.03913384049,277.8448027,151.1533042,337.0209181
27.45833333,24.85242256,15.18999565,35.36763939,0.1593362092,0.1574222175,0.1598473278,0.02036057559,0.008847184877,0.03917593347,278.1887679,151.3730504,337.288948
27.5,24.85633268,15.18981011,35.3836077,0.1593353792,0.1574190286,0.1598480507,0.02036888019,0.008846720154,0.03921802035,278.5321408,151.5928091,337.5560462
27.54166667,24.86024591,15.18962554,35.39955837,0.1593345491,0.1574158404,0.1598487753,0.02037719174,0.008846256187,0.03926010091,278.8749205,151.8125788,337.822216
27.58333333,24.86416224,15.18944192,35.41549136,0.1593337191,0.1574126529,0.1598495016,0.02038551022,0.008845792971,0.0393021749,279.2171063,152.032358,338.0874609
27.625,24.86808163,15.18925925,35.43140662,0.1593328891,0.1574094662,0.1598502296,0.02039383558,0.008845330503,0.0393442421,279.5586973,152.2521452,338.351784
27.66666667,24.87200408,15.18907752,35.44730409,0.1593320591,0.1574062803,0.1598509594,0.02040216779,0.00884486878,0.03938630229,279.8996928,152.4719389,338.6151887
27.70833333,24.87592957,15.18889673,35.46318375,0.1593312291,0.157403095,0.159851691,0.02041050683,0.008844407797,0.03942835522,280.2400921,152.6917376,338.8776783
27.75,24.87985808,15.18871687,35.47904553,0.1593303991,0.1573999106,0.1598524243,0.02041885266,0.008843947551,0.03947040067,280.5798944,152.9115398,339.1392561
27.79166667,24.8837896,15.18853794,35.49488939,0.159329569,0.1573967268,0.1598531593,0.02042720525,0.008843488038,0.03951243842,280.919099,153.1313441,339.3999254
27.83333333,24.8877241,15.18835993,35.51071529,0.159328739,0.1573935439,0.1598538961,0.02043556456,0.008843029255,0.03955446824,281.2577051,153.3511489,339.6596895
27.875,24.89166158,15.18818284,35.52652318,0.159327909,0.1573903616,0.1598546347,0.02044393056,0.008842571199,0.0395964899,281.5957122,153.5709528,339.9185517
27.91666667,24.895602,15.18800667,35.54231302,0.159327079,0.1573871801,0.159855375,0.02045230323,0.008842113865,0.03963850318,281.9331196,153.7907543,340.1765152
27.95833333,24.89954537,15.1878314,35.55808476,0.159326249,0.1573839994,0.159856117,0.02046068253,0.008841657251,0.03968050785,282.2699265,154.0105519,340.4335834
28,24.90349165,15.18765703,35.57383836,0.159325419,0.1573808194,0.1598568609,0.02046906842,0.008841201353,0.03972250368,282.6061323,154.2303442,340.6897596
28.04166667,24.90744083,15.18748357,35.58957377,0.159324589,0.1573776401,0.1598576065,0.02047746088,0.008840746167,0.03976449046,282.9417365,154.4501297,340.9450469
28.08333333,24.9113929,15.18731099,35.60529095,0.159323759,0.1573744616,0.1598583538,0.02048585988,0.00884029169,0.03980646796,283.2767383,154.6699069,341.1994488
28.125,24.91534784,15.18713931,35.62098987,0.159322929,0.1573712839,0.159859103,0.02049426537,0.008839837919,0.03984843595,283.6111372,154.8896743,341.4529684
28.16666667,24.91930564,15.1869685,35.63667047,0.159322099,0.1573681069,0.1598598539,0.02050267733,0.00883938485,0.03989039423,283.9449326,155.1094305,341.7056091
28.20833333,24.92326626,15.18679858,35.65233271,0.159321269,0.1573649306,0.1598606065,0.02051109573,0.008838932481,0.03993234256,284.2781238,155.329174,341.957374
28.25,24.92722971,15.18662953,35.66797657,0.1593204389,0.1573617551,0.159861361,0.02051952053,0.008838480807,0.03997428072,284.6107105,155.5489035,342.2082665
28.29166667,24.93119595,15.18646135,35.68360198,0.1593196089,0.1573585803,0.1598621172,0.02052795171,0.008838029825,0.0400162085,284.9426919,155.7686173,342.4582898
28.33333333,24.93516499,15.18629404,35.69920892,0.1593187789,0.1573554063,0.1598628752,0.02053638922,0.008837579533,0.04005812568,285.2740676,155.9883141,342.7074472
28.375,24.93913679,15.18612759,35.71479734,0.1593179489,0.157352233,0.159863635,0.02054483305,0.008837129926,0.04010003203,285.6048371,156.2079925,342.9557418
28.41666667,24.94311134,15.18596199,35.7303672,0.1593171188,0.1573490605,0.1598643966,0.02055328315,0.008836681002,0.04014192735,285.9349998,156.4276509,343.203177
28.45833333,24.94708863,15.18579725,35.74591847,0.1593162888,0.1573458887,0.15986516,0.02056173949,0.008836232758,0.04018381141,286.2645552,156.647288,343.449756
28.5,24.95106863,15.18563335,35.76145111,0.1593154587,0.1573427176,0.1598659251,0.02057020205,0.00883578519,0.04022568401,286.5935029,156.8669023,343.6954819
28.54166667,24.95505134,15.18547029,35.77696507,0.1593146287,0.1573395473,0.1598666921,0.02057867079,0.008835338295,0.04026754491,286.9218424,157.0864924,343.940358
28.58333333,24.95903674,15.18530807,35.79246032,0.1593137986,0.1573363778,0.1598674608,0.02058714567,0.00883489207,0.04030939391,287.2495732,157.3060568,344.1843876
28.625,24.9630248,15.18514669,35.80793683,0.1593129685,0.157333209,0.1598682314,0.02059562668,0.008834446512,0.0403512308,287.5766949,157.5255941,344.4275738
28.66666667,24.96701552,15.18498613,35.82339455,0.1593121384,0.157330041,0.1598690037,0.02060411376,0.008834001618,0.04039305536,287.9032071,157.7451029,344.6699198
28.70833333,24.97100887,15.1848264,35.83883345,0.1593113083,0.1573268737,0.1598697779,0.0206126069,0.008833557384,0.04043486738,288.2291094,157.9645818,344.9114289
28.75,24.97500485,15.18466749,35.8542535,0.1593104782,0.1573237071,0.1598705538,0.02062110607,0.008833113809,0.04047666665,288.5544013,158.1840294,345.1521041
28.79166667,24.97900342,15.1845094,35.86965465,0.1593096481,0.1573205413,0.1598713316,0.02062961122,0.008832670888,0.04051845295,288.8790824,158.4034442,345.3919488
28.83333333,24.98300459,15.18435212,35.88503688,0.159308818,0.1573173763,0.1598721111,0.02063812232,0.008832228618,0.04056022608,289.2031525,158.6228248,345.6309661
28.875,24.98700833,15.18419565,35.90040014,0.1593079878,0.157314212,0.1598728925,0.02064663935,0.008831786998,0.04060198583,289.5266111,158.8421698,345.869159
28.91666667,24.99101462,15.18403998,35.91574441,0.1593071577,0.1573110484,0.1598736757,0.02065516228,0.008831346023,0.04064373199,289.8494578,159.0614779,346.1065309
28.95833333,24.99502346,15.18388511,35.93106964,0.1593063275,0.1573078856,0.1598744607,0.02066369107,0.008830905691,0.04068546434,290.1716924,159.2807476,346.3430849
29,24.99903481,15.18373103,35.94637582,0.1593054973,0.1573047236,0.1598752475,0.02067222569,0.008830465999,0.04072718269,290.4933145,159.4999775,346.578824
29.04166667,25.00304868,15.18357775,35.96166289,0.1593046671,0.1573015623,0.1598760361,0.0206807661,0.008830026944,0.04076888683,290.8143238,159.7191663,346.8137516
29.08333333,25.00706503,15.18342526,35.97693084,0.1593038369,0.1572984017,0.1598768266,0.02068931228,0.008829588523,0.04081057655,291.13472,159.9383124,347.0478705
29.125,25.01108386,15.18327354,35.99217962,0.1593030067,0.1572952419,0.1598776189,0.0206978642,0.008829150733,0.04085225164,291.4545028,160.1574147,347.2811841
29.16666667,25.01510516,15.18312261,36.00740921,0.1593021765,0.1572920829,0.159878413,0.02070642182,0.008828713572,0.04089391191,291.7736719,160.3764716,347.5136926
29.20833333,25.01912889,15.18297245,36.02261957,0.1593013462,0.1572889246,0.1598792089,0.02071498511,0.008828277036,0.04093555715,292.0922268,160.5954818,347.7453354
29.25,25.02315505,15.18282306,36.03781068,0.159300516,0.1572857671,0.1598800067,0.02072355405,0.008827841123,0.04097718715,292.4101668,160.814444,347.9760032
29.29166667,25.02718362,15.18267444,36.05298251,0.1592996857,0.1572826103,0.1598808063,0.02073212859,0.00882740583,0.04101880172,292.7274912,161.0333566,348.2055996
29.33333333,25.03121459,15.18252659,36.06813501,0.1592988554,0.1572794542,0.1598816077,0.0207407087,0.008826971154,0.04106040065,293.0441991,161.2522185,348.4340415
29.375,25.03524794,15.18237949,36.08326817,0.159298025,0.1572762989,0.159882411,0.02074929436,0.008826537093,0.04110198374,293.3602899,161.4710282,348.6612568
29.41666667,25.03928366,15.18223315,36.09838195,0.1592971947,0.1572731444,0.1598832161,0.02075788554,0.008826103643,0.04114355079,293.6757628,161.6897843,348.8871825
29.45833333,25.04332172,15.18208756,36.11347632,0.1592963643,0.1572699906,0.1598840231,0.0207664822,0.008825670803,0.04118510161,293.9906172,161.9084856,349.1117637
29.5,25.04736212,15.18194272,36.12855127,0.159295534,0.1572668375,0.1598848319,0.02077508431,0.008825238568,0.041226636,294.3048522,162.1271306,349.334952
29.54166667,25.05140483,15.18179862,36.14360675,0.1592947036,0.1572636852,0.1598856425,0.02078369183,0.008824806938,0.04126815376,294.6184672,162.345718,349.5567047
29.58333333,25.05544985,15.18165526,36.15864273,0.1592938732,0.1572605337,0.159886455,0.02079230475,0.008824375908,0.04130965468,294.9314614,162.5642465,349.776984
29.625,25.05949715,15.18151264,36.17365921,0.1592930427,0.1572573829,0.1598872694,0.02080092302,0.008823945477,0.04135113859,295.2438342,162.7827147,349.9957563
29.66666667,25.06354672,15.18137075,36.18865613,0.1592922123,0.1572542329,0.1598880856,0.02080954662,0.008823515641,0.04139260527,295.555585,163.0011212,350.2129917
29.70833333,25.06759855,15.18122959,36.20363349,0.1592913818,0.1572510836,0.1598889036,0.02081817551,0.008823086399,0.04143405454,295.8667129,163.2194649,350.4286633
29.75,25.07165262,15.18108916,36.21859124,0.1592905513,0.1572479351,0.1598897235,0.02082680966,0.008822657747,0.04147548621,296.1772175,163.4377442,350.642747
29.79166667,25.07570891,15.18094945,36.23352938,0.1592897207,0.1572447873,0.1598905453,0.02083544904,0.008822229683,0.04151690008,296.487098,163.655958,350.8552212
29.83333333,25.07976741,15.18081046,36.24844786,0.1592888902,0.1572416403,0.159891369,0.02084409362,0.008821802204,0.04155829595,296.7963539,163.8741048,351.0660663
29.875,25.08382811,15.18067218,36.26334667,0.1592880596,0.157238494,0.1598921945,0.02085274337,0.008821375308,0.04159967364,297.1049846,164.0921834,351.2752647
29.91666667,25.08789098,15.18053461,36.27822578,0.159287229,0.1572353485,0.1598930218,0.02086139826,0.008820948993,0.04164103297,297.4129889,164.3101925,351.4827989
29.95833333,25.09195602,15.18039775,36.29308517,0.1592863984,0.1572322037,0.1598938511,0.02087005826,0.008820523255,0.04168237373,297.7203649,164.5281307,351.6886429
30,25.0960232,15.1802616,36.30792481,0.1592855677,0.1572290597,0.1598946822,0.02087872332,0.008820098093,0.04172369574,298.02711,164.7459967,351.8927596
