t_days,T_mean,T_min,T_max,M_mean,M_min,M_max,W_mean,W_min,W_max,N_mean,N_min,N_max
0,25,25,25,0.16,0.16,0.16,0.012,0.012,0.012,50,50,50
0.04166666667,24.73793689,22.756048,24.90466799,0.1598944169,0.1598601337,0.1599242081,0.01401791241,0.01153000785,0.01550591174,50.20195509,50.1637273,50.20498767
0.08333333333,24.48218535,21.01477538,24.81079399,0.1597920225,0.1597287307,0.1598508914,0.01384523566,0.01084666902,0.01537479476,50.39601748,50.26387249,50.40769212
0.125,24.23154014,19.66294043,24.7161302,0.1596919987,0.159602996,0.1597781027,0.01367708254,0.01031751539,0.01524827642,50.58261492,50.32490611,50.60800275
0.1666666667,23.98586328,18.61287617,24.62074144,0.1595942984,0.1594785132,0.1597057563,0.01351337707,0.009908321164,0.0151255644,50.76208565,50.36326009,50.80581959
0.2083333333,23.74503211,17.79672745,24.52468287,0.1594988761,0.1593600061,0.1596337903,0.01335399185,0.009591833715,0.01500603042,50.93467055,50.38834166,51.00105243
0.25,23.50893711,17.16198406,24.42800245,0.1594056877,0.1592471219,0.1595622998,0.01319879684,0.009346794975,0.01488918518,51.1003911,50.39878331,51.19361937
0.2916666667,23.27747957,16.66800551,24.33074295,0.1593146907,0.1591326521,0.1594946947,0.01304767104,0.009156794535,0.01477465027,51.25886156,50.38580171,51.38344559
0.3333333333,23.05056948,16.2833261,24.23294347,0.1592258435,0.1590230368,0.1594284582,0.01290050277,0.009009221781,0.01466213379,51.40994588,50.34684385,51.57046251
0.375,22.8281238,15.9835707,24.13464042,0.1591391057,0.1589188079,0.1593800011,0.0127571879,0.008894398326,0.01455141065,51.55374537,50.28332695,51.75460715
0.4166666667,22.610065,15.74984514,24.03586833,0.1590544376,0.1588185265,0.1593501541,0.01261762812,0.008804892481,0.01444230735,51.6904711,50.19840871,51.93582162
0.4583333333,22.39632005,15.56749397,23.93666032,0.1589718005,0.1587160482,0.1593232214,0.01248172975,0.008734989833,0.01433469016,51.8201936,50.09566055,52.11405282
0.5,22.18681948,15.42514165,23.83704848,0.1588911563,0.1586179666,0.1592987424,0.01234940295,0.008680288741,0.01422845608,51.94285443,49.97841756,52.28925215
0.5416666667,21.98149676,15.31395238,23.73706411,0.1588124676,0.1585245786,0.1592760406,0.01222056115,0.008637392519,0.0141235258,52.05852853,49.84957447,52.46137533
0.5833333333,21.78028775,15.2270583,23.63673784,0.1587356977,0.1584361079,0.1592547509,0.01209512067,0.008603675327,0.01401983832,52.1673879,49.71154426,52.63038227
0.625,21.58313031,15.1591175,23.53609976,0.1586608104,0.1583442335,0.1592345854,0.01197300043,0.008577103868,0.01391734676,52.26957257,49.56628804,52.79623699
0.6666666667,21.38996394,15.1059722,23.43517951,0.1585877702,0.158255523,0.1592153166,0.0118541217,0.008556101297,0.0138160151,52.36510168,49.41537287,52.95890752
0.7083333333,21.20072958,15.06438403,23.33400626,0.1585165422,0.1581709156,0.1591967649,0.01173840792,0.008539443079,0.01371581567,52.45405541,49.26003704,53.11836585
0.75,21.01536936,15.03182913,23.23260877,0.1584470917,0.1580905494,0.1591787881,0.01162578459,0.0085261771,0.01361672723,52.53658159,49.10125226,53.27458788
0.7916666667,20.83382649,15.00633917,23.13101536,0.158379385,0.1580111889,0.1591612736,0.01151617913,0.008515562236,0.01351873344,52.61281407,48.93977794,53.42755338
0.8333333333,20.6560451,14.98637808,23.02925394,0.1583133885,0.1579303497,0.1591441324,0.01140952076,0.008507021003,0.01342182169,52.68280891,48.77620664,53.57724592
0.875,20.48197019,14.9707464,22.92735193,0.1582490693,0.157853125,0.1591272937,0.01130574045,0.00850010301,0.01332598217,52.74665721,48.61100072,53.72365284
0.9166666667,20.31154751,14.95850691,22.82533628,0.158186395,0.157779606,0.1591107016,0.01120477084,0.008494456679,0.01323120724,52.80448717,48.4445216,53.86676519
0.9583333333,20.1447235,14.9489268,22.72323337,0.1581253335,0.1577098494,0.1590943114,0.01110654616,0.008489807344,0.01313749076,52.85642028,48.27705269,54.00657762
1,19.9814453,14.94143282,22.62106894,0.1580658535,0.1576381247,0.1590780878,0.01101100218,0.008485940263,0.01304482777,52.9025244,48.10881717,54.14308838
1.041666667,19.82166063,14.93557619,22.51886797,0.1580079237,0.1575672524,0.1590620028,0.01091807618,0.00848268742,0.01295321408,52.94289403,47.93999183,54.27629916
1.083333333,19.66531784,14.93100539,22.41665457,0.1579515136,0.1574996511,0.1590460339,0.01082770686,0.008479917268,0.01286264604,52.97764526,47.77071767,54.40621503
1.125,19.51236584,14.92744494,22.31445176,0.1578965931,0.1574353586,0.1590301634,0.01073983435,0.008475503595,0.01277312026,53.0068832,47.60110803,54.53284432
1.166666667,19.36275407,14.91745504,22.21228125,0.1578431323,0.1573743885,0.1590143771,0.01065440013,0.008468423763,0.01268463352,53.0306791,47.43125488,54.65619849
1.208333333,19.21643255,14.90429342,22.11016316,0.1577911021,0.1573098226,0.1589986637,0.01057134702,0.008462522456,0.01259718249,53.04912037,47.26123358,54.77629199
1.25,19.07335179,14.89367586,22.00811573,0.1577404734,0.1572474119,0.1589830142,0.01049061911,0.008457580741,0.0125107637,53.06232328,47.0911066,54.89314211
1.291666667,18.93346286,14.88512833,21.90615491,0.1576912179,0.1571879383,0.1589674214,0.01041216178,0.008453419613,0.01242537331,53.0703679,46.9209263,55.00676878
1.333333333,18.79671734,14.87826345,21.80429394,0.1576433074,0.1571314092,0.1589518795,0.01033592163,0.008449834461,0.01234100704,53.07331895,46.7507371,55.11719443
1.375,18.66306734,14.871853,21.70254296,0.1575967144,0.1570777432,0.1589363841,0.01026184647,0.00844617353,0.01225766002,53.07127566,46.58057716,55.22444373
1.416666667,18.53246552,14.86527158,21.60090848,0.1575514116,0.1570199332,0.1589209314,0.01018988528,0.008442896192,0.01217532665,53.06433292,46.41047963,55.32854344
1.458333333,18.40486506,14.85993942,21.49939294,0.1575073721,0.1569647496,0.1589055184,0.01011998821,0.00843798005,0.01209400048,53.05254529,46.24047369,55.4295221
1.5,18.28021973,14.85141272,21.39799424,0.1574645695,0.156912196,0.1588901429,0.01005210656,0.008431985309,0.01201367406,53.03599333,46.07058525,55.52740987
1.541666667,18.15848384,14.84227994,21.29670533,0.1574229776,0.1568622618,0.1588748029,0.009986192711,0.008426010892,0.01193433885,53.01476928,45.90083757,55.62223823
1.583333333,18.03961232,14.83328153,21.19551381,0.1573825707,0.1568145545,0.1588594968,0.00992220018,0.008420926648,0.01185598506,52.98893074,45.73125174,55.71403976
1.625,17.92356071,14.82382159,21.09440166,0.1573433235,0.1567632171,0.1588442235,0.009860083552,0.00841659079,0.01177860156,52.95854332,45.56184703,55.80284788
1.666666667,17.8102852,14.81583314,20.99334505,0.1573052109,0.1567142438,0.158828982,0.009799798484,0.008412883218,0.01170217577,52.92368628,45.39264114,55.88869663
1.708333333,17.69974265,14.80923788,20.89231427,0.1572682084,0.1566676243,0.1588137714,0.009741301692,0.008409695716,0.01162669363,52.88442342,45.22365047,55.97162043
1.75,17.59189064,14.80380956,20.79127384,0.1572322915,0.1566233381,0.1587985912,0.009684550936,0.008405471416,0.01155213948,52.84080745,45.05489027,56.05165385
1.791666667,17.48668745,14.79935741,20.69018271,0.1571974364,0.1565810189,0.1587834407,0.009629505012,0.008399508469,0.01147849611,52.79290653,44.88637479,56.1288315
1.833333333,17.38409216,14.79201575,20.5889947,0.1571636194,0.1565352854,0.1587683195,0.009576123737,0.008394386169,0.01140574479,52.74078395,44.71811741,56.20318777
1.875,17.28406463,14.78196538,20.48765908,0.1571308171,0.1564916787,0.1587532273,0.00952436794,0.008389981888,0.01133386527,52.68448394,44.5501307,56.27475678
1.916666667,17.18656555,14.77352833,20.3893817,0.1570990066,0.1564501804,0.1587381638,0.009474199449,0.008386125225,0.01126283596,52.62406609,44.38242653,56.34357229
1.958333333,17.09155646,14.76646564,20.29315649,0.157068165,0.1564107643,0.1587231287,0.009425581081,0.008382746324,0.01119263403,52.55958681,44.21501611,56.40966761
2,16.99899976,14.76057188,20.19687117,0.15703827,0.1563732814,0.1587081218,0.009378476625,0.008379823455,0.01112323567,52.49108806,44.04791004,56.47307563
2.041666667,16.90885874,14.75567079,20.10048276,0.1570092994,0.156332422,0.1586931429,0.009332850826,0.008375230679,0.01105461628,52.41862104,43.88111841,56.53382883
2.083333333,16.82109759,14.75161148,20.00394589,0.1569812312,0.1562934766,0.1586781919,0.00928866937,0.00837033943,0.01098675078,52.34223816,43.71465075,56.5919594
2.125,16.73568136,14.74566556,19.90721361,0.1569540439,0.1562564224,0.1586632686,0.009245898862,0.008365943483,0.01091961396,52.26197741,43.54851614,56.64749929
2.166666667,16.65257602,14.73737825,19.81023835,0.156927716,0.1562212301,0.158648373,0.009204506803,0.008362128806,0.01085318079,52.17788535,43.3827232,56.70048041
2.208333333,16.57174839,14.73036765,19.71297293,0.1569022264,0.1561878645,0.1586335049,0.009164461563,0.008358816973,0.01078742683,52.09000761,43.21728014,56.7509348
2.25,16.49316612,14.72445564,19.61537165,0.1568775541,0.1561514554,0.1586186642,0.009125732354,0.00835593828,0.01072232862,51.99837926,43.05219476,56.79889483
2.291666667,16.41679766,14.71948743,19.51739145,0.1568536785,0.1561165775,0.1586038509,0.009088289199,0.008353154767,0.0106578641,51.903042,42.88747449,56.84439343
2.333333333,16.34261223,14.71525742,19.41899304,0.1568305788,0.1560833986,0.1585890648,0.009052102891,0.008348438434,0.01059401299,51.80403458,42.7231264,56.8881512
2.375,16.27057973,14.71157035,19.3201421,0.156808235,0.1560518882,0.158574306,0.009017144965,0.008344323682,0.01053075718,51.70138775,42.55915721,56.93244345
2.416666667,16.20067069,14.70678372,19.22081039,0.1567866268,0.1560220114,0.1585595742,0.008983387648,0.008340733615,0.01046808114,51.5951369,42.39557334,56.97444673
2.458333333,16.13285619,14.70013214,19.12097683,0.1567657343,0.1559896631,0.1585448696,0.008950803823,0.008337600393,0.0104059722,51.48531603,42.23238089,57.01419225
2.5,16.06710779,14.69447678,19.0206285,0.1567455378,0.1559583493,0.1585301919,0.008919366982,0.008334864303,0.01034442092,51.37195856,42.06958566,57.05171192
2.541666667,16.00339742,14.68959551,18.91976154,0.1567260176,0.1559285643,0.1585155412,0.008889051181,0.008332472901,0.01028342129,51.25510418,41.9071932,57.08703853
2.583333333,15.9416973,14.6852549,18.8183819,0.1567071543,0.1559002777,0.1585009174,0.008859830992,0.008328813046,0.01022297097,51.13479031,41.74520875,57.1202059
2.625,15.88197982,14.68159432,18.71650597,0.1566889288,0.1558734557,0.1584863204,0.008831681457,0.008325046317,0.01016307141,51.01105629,41.58363732,57.15124911
2.666666667,15.82421747,14.67852177,18.61416104,0.1566713219,0.1558446977,0.1584717502,0.00880457804,0.0083217437,0.01010372797,50.88394486,41.42248369,57.18020456
2.708333333,15.7683827,14.67510314,18.51138564,0.1566543148,0.1558165185,0.1584572067,0.008778496584,0.008318848158,0.0100449499,50.75349638,41.26175238,57.20711017
2.75,15.71444786,14.66973952,18.40822958,0.1566378888,0.1557897174,0.1584426899,0.008753413262,0.008316305285,0.009986750353,50.61975431,41.1014477,57.23200542
2.791666667,15.66238505,14.66489339,18.30475399,0.1566220254,0.1557642647,0.1584281997,0.008729304537,0.008314066299,0.009929146218,50.48276282,40.94157375,57.25493141
2.833333333,15.61216608,14.66076131,18.201031,0.1566067061,0.155740128,0.1584137361,0.00870614712,0.008311355452,0.009872158007,50.34256474,40.78213442,57.27593067
2.875,15.56376234,14.65725218,18.0971434,0.156591913,0.1557145276,0.1583992991,0.008683917934,0.0083079581,0.009815809607,50.19920552,40.62313341,57.29504655
2.916666667,15.51714473,14.65428573,17.99318407,0.1565776279,0.1556891147,0.1583848885,0.008662594079,0.008304966907,0.009760128007,50.05272697,40.46457421,57.31231731
2.958333333,15.47228359,14.65179135,17.88925521,0.1565638333,0.1556649461,0.1583705043,0.008642152803,0.008302320421,0.009705142977,49.90317125,40.30646017,57.32765951
3,15.42914862,14.64931689,17.78546754,0.1565505116,0.1556419933,0.1583561465,0.008622571473,0.008299988275,0.009650886705,49.75058094,40.14879443,57.34064407
3.041666667,15.38770884,14.64483317,17.6819393,0.1565376456,0.1556202256,0.158341815,0.008603827558,0.008297935236,0.009597393393,49.59500493,39.99157999,57.35077853
3.083333333,15.34793257,14.64098852,17.57879519,0.1565252182,0.1555973899,0.1583275098,0.008585898605,0.008295922103,0.00954469884,49.43649932,39.83481967,57.35757572
3.125,15.30978733,14.63770483,17.47616519,0.1565132126,0.1555744259,0.1583132309,0.008568762232,0.008292881194,0.009492839991,49.27512695,39.67851617,57.36055669
3.166666667,15.2732399,14.63491284,17.37418336,0.1565016124,0.1555525872,0.1582989781,0.008552396117,0.008290181339,0.009441854491,49.1109571,39.522672,57.35925379
3.208333333,15.23825624,14.63255125,17.27298658,0.1564904013,0.1555318468,0.1582847515,0.008536777994,0.008287796358,0.009391780221,48.94406498,39.36728957,57.35321376
3.25,15.20480156,14.63056586,17.17271327,0.1564795634,0.1555121756,0.1582705509,0.008521885655,0.008285690242,0.009342654848,48.77453135,39.21237112,57.34200088
3.291666667,15.17284028,14.62878449,17.07350211,0.1564690832,0.1554917658,0.1582563764,0.008507696952,0.008283830734,0.009294515385,48.60244206,39.0579188,57.32520003
3.333333333,15.14233611,14.62526517,16.97549078,0.1564589452,0.1554709759,0.1582422279,0.008494189809,0.008282188994,0.009247397762,48.42788759,38.9039346,57.30241969
3.375,15.11325204,14.62224516,16.87881477,0.1564491345,0.1554512055,0.1582281053,0.008481342233,0.008279613468,0.009201336429,48.25096259,38.7504204,57.27329471
3.416666667,15.08555043,14.6196651,16.78360616,0.1564396365,0.1554324287,0.1582140086,0.008469132327,0.008277210312,0.009156363978,48.07176538,38.59737798,57.23748895
3.458333333,15.05919303,14.61747214,16.6899926,0.156430437,0.1554146184,0.1581999378,0.008457538313,0.008275081223,0.009112510809,47.89039749,38.44480899,57.19469756
3.5,15.0341411,14.61560813,16.59809622,0.1564215219,0.1553976995,0.1581858928,0.00844653855,0.008273195889,0.009069804817,47.70696317,38.29271499,57.14464905
3.541666667,15.0103554,14.61403105,16.50803276,0.1564128778,0.1553788504,0.1581718735,0.008436111558,0.008271527038,0.009028271132,47.52156889,38.14109742,57.08710697
3.583333333,14.98779636,14.61271787,16.41991072,0.1564044915,0.1553609258,0.1581578799,0.008426236042,0.008270050163,0.008987931887,47.33432285,37.98995763,57.02187121
3.625,14.96642412,14.61026744,16.33383065,0.1563963502,0.1553439013,0.158143912,0.008416890919,0.008267999311,0.008948806037,47.14533453,37.83929689,56.94877896
3.666666667,14.9461986,14.60791543,16.24988455,0.1563884415,0.1553277516,0.1581299698,0.008408055348,0.00826587275,0.008910909211,46.95471418,37.68911634,56.86770524
3.708333333,14.92707965,14.60589926,16.16815535,0.1563807534,0.1553124506,0.158116053,0.008399708749,0.008263983971,0.008874253612,46.76257242,37.53941708,56.77856305
3.75,14.90902708,14.60416838,16.08871655,0.1563732744,0.1552979713,0.1581021618,0.008391830839,0.008262307439,0.008838847951,46.56901972,37.39020009,56.68130312
3.791666667,14.89200079,14.60270853,16.01163196,0.1563659932,0.1552842859,0.1580882961,0.008384401657,0.008260819306,0.008804697425,46.37416606,37.24146627,56.57591327
3.833333333,14.87596088,14.6014874,15.93695549,0.1563588991,0.1552713666,0.1580744558,0.008377401588,0.008259498938,0.008771803727,46.17812045,37.09321647,56.4624174
3.875,14.86086768,14.6004763,15.86473113,0.1563519816,0.1552591848,0.1580606409,0.00837081139,0.008257868641,0.008740165094,45.98099061,36.94545143,56.34087423
3.916666667,14.84668191,14.59912212,15.79499296,0.1563452309,0.1552477119,0.1580468513,0.00836461222,0.008255995167,0.00870977638,45.7828826,36.79817183,56.2113756
3.958333333,14.83336473,14.59727155,15.7277653,0.1563386373,0.1552369191,0.158033087,0.008358785656,0.00825432749,0.008680629167,45.58390047,36.65137829,56.07404462
4,14.82087782,14.59569442,15.6630629,0.1563321917,0.1552267779,0.158019348,0.008353313718,0.008252842299,0.008652711894,45.384146,36.50496448,55.92903354
4.041666667,14.80918347,14.59435937,15.60089126,0.1563258853,0.1552172595,0.1580056341,0.008348178886,0.008251522087,0.008626010009,45.18371841,36.35885875,55.77652143
4.083333333,14.79824467,14.59323843,15.54124693,0.1563197096,0.1552083357,0.1579919454,0.008343364122,0.008250349214,0.008600506142,44.98271413,36.21324761,55.61671177
4.125,14.78802515,14.59230658,15.48411799,0.1563136568,0.1551999785,0.1579782818,0.008338852881,0.008249061527,0.008576180293,44.78122658,36.06813118,55.44982984
4.166666667,14.77848945,14.59154159,15.42948445,0.1563077191,0.1551921603,0.1579646433,0.008334629127,0.008247415239,0.008553010035,44.57934601,35.92350957,55.27612016
4.208333333,14.76960298,14.59092364,15.37731881,0.1563018892,0.1551848541,0.1579510298,0.008330677342,0.008245946047,0.008530970716,44.37715934,35.7793828,55.09584378
4.25,14.76133208,14.5897099,15.32758657,0.1562961604,0.1551780333,0.1579374412,0.008326982538,0.008244636839,0.008510035685,44.17475006,35.63575086,54.90927573
4.291666667,14.75364404,14.58850045,15.28024677,0.156290526,0.1551716722,0.1579238776,0.00832353026,0.00824347109,0.008490176505,43.97219812,35.49261371,54.71670238
4.333333333,14.74650719,14.58748176,15.23525263,0.1562849799,0.1551657455,0.1579103388,0.008320306593,0.008242433821,0.008471363177,43.76957989,35.34997123,54.51841895
4.375,14.73989085,14.58663216,15.19255207,0.1562795161,0.1551602289,0.1578968249,0.008317298162,0.008241426888,0.008453564359,43.56696808,35.2078233,54.31472709
4.416666667,14.73376544,14.58593229,15.15208836,0.1562741291,0.1551550986,0.1578833357,0.008314492137,0.008239983813,0.008436747583,43.36443177,35.06616972,54.1059326
4.458333333,14.72810242,14.58536483,15.11380066,0.1562688137,0.155150332,0.1578698713,0.008311876225,0.008238694708,0.008431082072,43.16203642,34.92501027,53.89234329
4.5,14.72287439,14.58491358,15.07762464,0.156263565,0.1551459069,0.1578564316,0.008309438672,0.008237544178,0.008425969416,42.95984384,34.78434469,53.67426697
4.541666667,14.71805501,14.58456476,15.04349298,0.1562583782,0.1551418023,0.1578430166,0.008307168253,0.008236518211,0.008421184328,42.7579123,34.64417268,53.45200963
4.583333333,14.71361908,14.58380322,15.011336,0.156253249,0.1551379978,0.1578296261,0.00830505427,0.008235604076,0.008416709172,42.55629658,34.50449389,53.22587377
4.625,14.70954249,14.58303518,14.98108211,0.1562481734,0.1551344742,0.1578162603,0.00830308654,0.008234790224,0.008412526789,42.35504801,34.36530797,52.99615692
4.666666667,14.7058022,14.58240073,14.95265833,0.1562431474,0.1551312128,0.1578029189,0.008301255386,0.008233569245,0.008408620533,42.15421458,34.2266145,52.76315033
4.708333333,14.70237631,14.5818848,14.92852632,0.1562381674,0.155128196,0.157789602,0.008299551627,0.008232440672,0.008404974297,41.95384107,34.08841304,52.52713783
4.75,14.69924394,14.58147199,14.92868841,0.1562332302,0.155125407,0.1577763095,0.008297966565,0.008231432044,0.008402203986,41.75396912,33.95070312,52.28839483
4.791666667,14.69638529,14.58115231,14.92885018,0.1562283324,0.15512283,0.1577630414,0.008296491972,0.008230531465,0.008401465586,41.55463734,33.81348424,52.04718756
4.833333333,14.69378158,14.58091509,14.92901165,0.1562234713,0.1551204498,0.1577497977,0.008295120077,0.008229728102,0.008400728533,41.35588146,33.67675586,51.80377234
4.875,14.69141504,14.58075075,14.92917281,0.156218644,0.1551182521,0.1577365782,0.00829384355,0.008229012074,0.008399992825,41.15773445,33.54051743,51.55839514
4.916666667,14.68926888,14.58059136,14.92933365,0.156213848,0.1551162235,0.157723383,0.008292655489,0.008228051343,0.008399258459,40.96022664,33.40476836,51.31129113
4.958333333,14.68732726,14.58012508,14.9294942,0.156209081,0.1551143513,0.157710212,0.008291549403,0.008227065042,0.008398525433,40.76338582,33.26950802,51.06268444
5,14.68557527,14.57975139,14.92965443,0.1562043407,0.1551126236,0.1576970652,0.008290519194,0.008226182517,0.008397793744,40.56723744,33.13473577,50.81278804
5.041666667,14.68399887,14.57946122,14.92981436,0.1561996251,0.1551105613,0.1576839424,0.008289559145,0.008225393653,0.00839706339,40.37180467,33.00045095,50.56180363
5.083333333,14.68258487,14.57924517,14.92997398,0.1561949323,0.1551078293,0.1576708438,0.008288663903,0.008224689072,0.008396334369,40.17710856,32.86665286,50.30992173
5.125,14.68132094,14.57909483,14.93013329,0.1561902605,0.1551052492,0.1576577692,0.00828782846,0.008224060492,0.008395606677,39.98316817,32.73334079,50.0573218
5.166666667,14.68019551,14.57900267,14.93029231,0.1561856082,0.1551028098,0.1576447185,0.008287048139,0.008223322676,0.008394880314,39.79000067,32.60051399,49.80417239
5.208333333,14.67919775,14.578962,14.93045101,0.1561809738,0.1551005007,0.1576316918,0.008286318578,0.008222461897,0.008394155276,39.59762147,32.4681717,49.55063138
5.25,14.67831757,14.57896684,14.93060942,0.1561763559,0.1550983119,0.157618689,0.008285635711,0.008221690807,0.008393431561,39.40604435,32.33631313,49.29684635
5.291666667,14.67754556,14.57901189,14.93076752,0.1561717534,0.1550962343,0.1576057101,0.008284995759,0.008221000714,0.008392709166,39.21528154,32.20493748,49.0429548
5.333333333,14.67687295,14.57899283,14.93092532,0.1561671649,0.1550942593,0.1575927549,0.008284395208,0.008220383927,0.00839198809,39.02534386,32.07404393,48.78908462
5.375,14.6762916,14.57885676,14.93108281,0.1561625895,0.1550923785,0.1575798235,0.008283830796,0.008219833273,0.008391268329,38.8362408,31.94363161,48.5353544
5.416666667,14.67579393,14.57877303,14.93124001,0.1561580262,0.1550905846,0.1575669159,0.008283299503,0.00821928769,0.008390549882,38.64798061,31.81369968,48.28187389
5.458333333,14.67537293,14.57873574,14.9313969,0.156153474,0.1550888705,0.1575540319,0.008282798529,0.00821853701,0.008389832746,38.46057042,31.68424725,48.0287444
5.5,14.67502209,14.57873962,14.9315535,0.1561489321,0.1550872294,0.1575411716,0.008282325288,0.008217863948,0.008389116918,38.27401629,31.55527341,47.77605922
5.541666667,14.6747354,14.57877998,14.93170979,0.1561443997,0.1550856555,0.1575283348,0.00828187739,0.00821726121,0.008388402397,38.08832334,31.42677724,47.52390407
5.583333333,14.6745073,14.57885261,14.93186579,0.1561398763,0.1550841429,0.1575155216,0.008281452631,0.008216722081,0.00838768918,37.90349578,31.29875782,47.27235749
5.625,14.67433267,14.57895379,14.93202148,0.156135361,0.1550826864,0.157502732,0.008281048978,0.008216240427,0.008386977264,37.71953701,31.17121418,47.0214913
5.666666667,14.67420677,14.57908018,14.93217688,0.1561308534,0.155081281,0.1574899657,0.008280664562,0.008215810651,0.008386266648,37.53644968,31.04414536,46.77137102
5.708333333,14.67412526,14.57922885,14.93233198,0.1561263529,0.1550799224,0.1574772229,0.008280297665,0.008215208246,0.008385557329,37.35423576,30.91755038,46.52205621
5.75,14.67408412,14.57939717,14.93248679,0.156121859,0.1550786063,0.1574645035,0.008279946706,0.00821462143,0.008384849304,37.17289658,30.79142824,46.27360094
5.791666667,14.6740797,14.57958281,14.9326413,0.1561173713,0.1550773288,0.1574518074,0.008279610238,0.008214095531,0.008384142571,36.99243291,30.66577792,46.02605412
5.833333333,14.6741086,14.57977699,14.93279551,0.1561128894,0.1550760864,0.1574391346,0.008279286933,0.008213624812,0.008383437129,36.812845,30.54059841,45.77945986
5.875,14.67416775,14.57986861,14.93294943,0.156108413,0.1550748758,0.1574264851,0.008278975575,0.008213204023,0.008382732974,36.63413263,30.41588866,45.53385785
5.916666667,14.6742543,14.57998317,14.93310305,0.1561039416,0.155073694,0.1574138588,0.008278675054,0.00821282837,0.008382030104,36.45629513,30.29164763,45.28928364
5.958333333,14.67436567,14.58011804,14.93325638,0.1560994751,0.1550725383,0.1574012593,0.008278384353,0.008212493479,0.008381328517,36.27933148,30.16787424,45.045769
6,14.67449949,14.5802709,14.93340942,0.156095013,0.1550714061,0.1573886852,0.008278102545,0.008211992798,0.00838062821,36.10324028,30.04456743,44.80334219
6.041666667,14.6746536,14.58043965,14.93356216,0.1560905553,0.155070295,0.1573761343,0.008277828786,0.008211534645,0.008379929182,35.92801982,29.9216411,44.56202822
6.083333333,14.67482604,14.58062244,14.93371462,0.1560861016,0.1550692031,0.1573636065,0.008277562306,0.008211124312,0.00837923143,35.75366811,29.79908363,44.32184917
6.125,14.67501501,14.58081763,14.93386678,0.1560816517,0.1550681282,0.1573511016,0.008277302403,0.008210757307,0.008378534952,35.58018289,29.67699212,44.08282435
6.166666667,14.67521887,14.58102377,14.93401865,0.1560772056,0.1550670687,0.1573386197,0.008277048441,0.008210429521,0.008377839745,35.4075617,29.55536542,43.84497062
6.208333333,14.67543615,14.58123952,14.93417022,0.1560727629,0.1550660229,0.1573261608,0.008276799841,0.008210137201,0.008377145807,35.23580186,29.43420235,43.60830253
6.25,14.67566549,14.58146375,14.93432151,0.1560683236,0.1550649893,0.1573137247,0.008276556079,0.008209876923,0.008376453136,35.06490048,29.31350174,43.37283255
6.291666667,14.67590567,14.58169547,14.93447251,0.1560638876,0.1550639666,0.1573013115,0.008276316677,0.008209645567,0.008375761729,34.89485455,29.19326241,43.13857124
6.333333333,14.67615558,14.5819338,14.93462322,0.1560594547,0.1550629536,0.1572889211,0.008276081205,0.00820944029,0.008375071585,34.72566089,29.07348315,42.90552745
6.375,14.67641422,14.58217793,14.93477364,0.1560550247,0.1550619491,0.1572765535,0.008275849273,0.008209258508,0.0083743827,34.55731621,28.95416277,42.67370844
6.416666667,14.67668069,14.58242717,14.93492378,0.1560505977,0.1550609522,0.1572642086,0.008275620527,0.008209097874,0.008373695073,34.38981708,28.83530006,42.44312004
6.458333333,14.67695414,14.5826809,14.93507362,0.1560461735,0.1550599619,0.1572518864,0.008275394648,0.008208956255,0.008373008702,34.22316,28.7168938,42.2137668
6.5,14.67723385,14.58293857,14.93522318,0.1560417521,0.1550589773,0.1572395868,0.008275171349,0.00820883171,0.008372323583,34.05734137,28.59894276,41.98565207
6.541666667,14.67751915,14.58319972,14.93537245,0.1560373333,0.1550579978,0.1572273098,0.00827495037,0.008208722501,0.008371639716,33.89235751,28.48144572,41.75877816
6.583333333,14.67780943,14.58346391,14.93552144,0.1560329172,0.1550570227,0.1572150554,0.008274731477,0.008208627043,0.008370957097,33.7282047,28.36440144,41.53314641
6.625,14.67810414,14.58373078,14.93567015,0.1560285036,0.1550560512,0.1572028235,0.008274514458,0.008208543905,0.008370275724,33.56487912,28.24780867,41.3087573
6.666666667,14.67840279,14.58399999,14.93581856,0.1560240925,0.155055083,0.1571906141,0.008274299125,0.008208471795,0.008369595595,33.40237695,28.13166617,41.08561053
6.708333333,14.67870495,14.58427126,14.9359667,0.1560196838,0.1550541174,0.1571784271,0.008274085307,0.008208409546,0.008368916709,33.2406943,28.01597267,40.8637051
6.75,14.67901021,14.58452578,14.93611455,0.1560152776,0.1550531541,0.1571662625,0.00827387285,0.008208356106,0.008368239062,33.07982726,27.90072692,40.64303939
6.791666667,14.67931822,14.58476443,14.93626212,0.1560108738,0.1550521926,0.1571541203,0.008273661617,0.008208310528,0.008367562652,32.91977189,27.78592766,40.42361118
6.833333333,14.67962866,14.58500597,14.9364094,0.1560064723,0.1550512325,0.1571420003,0.008273451486,0.00820827196,0.008366887477,32.76052421,27.67009768,40.2054178
6.875,14.67994125,14.58525008,14.9365564,0.1560020732,0.1550502735,0.1571299027,0.008273242344,0.008208239635,0.008366213535,32.60208026,27.55460914,39.98845608
6.916666667,14.68025572,14.58549643,14.93670313,0.1559976763,0.1550493154,0.1571178273,0.008273034094,0.008208212865,0.008365540824,32.44443604,27.43959123,39.77272247
6.958333333,14.68057185,14.58574478,14.93684957,0.1559932818,0.1550483578,0.157105774,0.008272826646,0.008208191032,0.008364869341,32.28758755,27.32504222,39.55821305
7,14.68088943,14.58599487,14.93699573,0.1559888895,0.1550474005,0.1570937429,0.008272619921,0.008208173581,0.008364199084,32.13153077,27.21096036,39.34492358
7.041666667,14.68120827,14.58624652,14.93714161,0.1559844994,0.1550464434,0.1570817339,0.008272413849,0.008208160016,0.008363530052,31.97626171,27.09734391,39.13284955
7.083333333,14.68152822,14.58649953,14.93728721,0.1559801115,0.1550454861,0.157069747,0.008272208366,0.008208149893,0.008362862241,31.82177635,26.98419115,38.92198617
7.125,14.68184911,14.58675375,14.93743254,0.1559757259,0.1550445286,0.1570577821,0.008272003416,0.008208142812,0.00836219565,31.66807069,26.87150035,38.71232846
7.166666667,14.68217084,14.58700903,14.93757758,0.1559713425,0.1550435707,0.1570458392,0.008271798948,0.008208138419,0.008361530276,31.51514072,26.75926978,38.5038712
7.208333333,14.68249326,14.58726526,14.93772235,0.1559669612,0.1550426122,0.1570339183,0.008271594917,0.008208136395,0.008360866117,31.36298245,26.64749772,38.29660902
7.25,14.68281629,14.58752232,14.93786684,0.1559625822,0.155041653,0.1570220193,0.008271391284,0.008208136457,0.008360203171,31.21159191,26.53608584,38.09053642
7.291666667,14.68313983,14.58778013,14.93801105,0.1559582053,0.155040693,0.1570101421,0.008271188013,0.008208138352,0.008359541436,31.0609651,26.42505384,37.88564771
7.333333333,14.68346379,14.58803859,14.93815499,0.1559538305,0.1550397322,0.1569982867,0.008270985072,0.008208141854,0.008358880909,30.91109808,26.31447747,37.68193713
7.375,14.68378811,14.58829765,14.93829866,0.155949458,0.1550387704,0.1569864532,0.008270782433,0.008208146763,0.008358221589,30.76198688,26.20435501,37.4793988
7.416666667,14.68411272,14.58855722,14.93844204,0.1559450875,0.1550378075,0.1569746413,0.008270580071,0.008208152899,0.008357563473,30.61362757,26.09468474,37.27802674
7.458333333,14.68443755,14.58881726,14.93858516,0.1559407193,0.1550368435,0.1569628512,0.008270377964,0.008208160103,0.008356906559,30.46601624,25.98546496,37.07781492
7.5,14.68476256,14.58907772,14.938728,0.1559363531,0.1550358783,0.1569510828,0.008270176092,0.008208168235,0.008356250845,30.31914896,25.87669395,36.87875723
7.541666667,14.68508771,14.58933856,14.93887056,0.1559319891,0.1550349119,0.156939336,0.008269974438,0.008208177168,0.008355596328,30.17302185,25.76837002,36.6808475
7.583333333,14.68541294,14.58959974,14.93901286,0.1559276273,0.1550339442,0.1569276108,0.008269772986,0.008208186791,0.008354943007,30.02763104,25.66049148,36.48407952
7.625,14.68573824,14.58986122,14.93915488,0.1559232675,0.1550329752,0.1569159071,0.008269571723,0.008208197005,0.00835429088,29.88297267,25.55305662,36.28844703
7.666666667,14.68606355,14.59012298,14.93929663,0.1559189099,0.1550320048,0.1569042249,0.008269370636,0.008208207723,0.008353639943,29.7390429,25.44606378,36.09394377
7.708333333,14.68638887,14.59038499,14.9394381,0.1559145544,0.155031033,0.1568925642,0.008269169716,0.008208218866,0.008352990196,29.5958379,25.33951126,35.90056342
7.75,14.68671415,14.59064723,14.93957931,0.1559102011,0.1550300598,0.156880925,0.008268968951,0.008208230366,0.008352341635,29.45335388,25.23339738,35.70829965
7.791666667,14.68703938,14.59090968,14.93972025,0.1559058499,0.1550290851,0.1568693071,0.008268768334,0.008208242162,0.00835169426,29.31158704,25.12772049,35.51714613
7.833333333,14.68736455,14.59117233,14.93986091,0.1559015008,0.1550281089,0.1568577106,0.008268567858,0.008208254201,0.008351048066,29.17053362,25.02247891,35.3270965
7.875,14.68768962,14.59143517,14.94000131,0.1558971538,0.1550271313,0.1568461354,0.008268367516,0.008208266435,0.008350403053,29.03018987,24.91767097,35.1381444
7.916666667,14.6880146,14.59169816,14.94014144,0.1558928089,0.1550261521,0.1568345814,0.008268167302,0.008208278821,0.008349759219,28.89055206,24.81329502,34.95028349
7.958333333,14.68833946,14.59196132,14.9402813,0.1558884662,0.1550251714,0.1568230487,0.008267967211,0.008208291323,0.008349116561,28.75161648,24.70934942,34.76350738
8,14.68866419,14.59222463,14.94042089,0.1558841255,0.1550241891,0.1568115372,0.008267767239,0.008208303909,0.008348475076,28.61337945,24.6058325,34.57780975
8.041666667,14.68898878,14.59248807,14.94056022,0.155879787,0.1550232052,0.1568000469,0.008267567382,0.008208316548,0.008347834764,28.47583728,24.50274262,34.39318422
8.083333333,14.68931323,14.59275164,14.94069928,0.1558754506,0.1550222198,0.1567885776,0.008267367636,0.008208329217,0.008347195622,28.33898633,24.40007816,34.20962448
8.125,14.68963752,14.59301534,14.94083807,0.1558711164,0.1550212328,0.1567771295,0.008267167999,0.008208341892,0.008346557647,28.20282296,24.29783747,34.02712418
8.166666667,14.68996165,14.59327916,14.9409766,0.1558667842,0.1550202442,0.1567657024,0.008266968467,0.008208354555,0.008345920837,28.06734357,24.19601892,33.84567702
8.208333333,14.69028561,14.59354309,14.94111486,0.1558624542,0.155019254,0.1567542963,0.008266769039,0.008208367187,0.008345285192,27.93254454,24.09462089,33.66527669
8.25,14.69060939,14.59380714,14.94125286,0.1558581262,0.1550182622,0.1567429112,0.008266569711,0.008208379773,0.008344650707,27.79842232,23.99364176,33.48591692
8.291666667,14.690933,14.59407129,14.94139059,0.1558538004,0.1550172688,0.1567315469,0.008266370484,0.008208392301,0.008344017382,27.66497333,23.89307992,33.30759143
8.333333333,14.69125643,14.59433554,14.94152806,0.1558494768,0.1550162737,0.1567202036,0.008266171354,0.008208404757,0.008343385214,27.53219406,23.79293375,33.13029398
8.375,14.69157967,14.59459989,14.94166526,0.1558451552,0.1550152771,0.1567088812,0.008265972321,0.008208417134,0.008342754201,27.40008097,23.69320164,32.95401834
8.416666667,14.69190272,14.59486434,14.94180221,0.1558408357,0.1550142788,0.1566975795,0.008265773382,0.00820842942,0.008342124341,27.26863056,23.59388201,32.77875832
8.458333333,14.69222557,14.59512888,14.94193889,0.1558365184,0.1550132789,0.1566862986,0.008265574539,0.008208441608,0.008341495632,27.13783937,23.49497324,32.60450773
8.5,14.69254824,14.59539351,14.94207531,0.1558322032,0.1550122773,0.1566750384,0.008265375788,0.008208453692,0.008340868071,27.00770392,23.3963841,32.43126041
8.541666667,14.6928707,14.59564215,14.94221147,0.1558278901,0.1550112741,0.156663799,0.00826517713,0.008208465665,0.008340241658,26.87822078,23.29817836,32.25901023
8.583333333,14.69319297,14.59588511,14.94234736,0.1558235791,0.1550102693,0.1566525802,0.008264978564,0.008208477522,0.008339616389,26.74938652,23.19865518,32.08775108
8.625,14.69351504,14.59612819,14.942483,0.1558192703,0.1550092628,0.156641382,0.00826478009,0.008208489259,0.008338992262,26.62119774,23.09943165,31.91747687
8.666666667,14.6938369,14.59637141,14.94261838,0.1558149635,0.1550082546,0.1566302044,0.008264581705,0.008208500871,0.008338369276,26.49365105,23.00064079,31.74818156
8.708333333,14.69415856,14.59661475,14.9427535,0.1558106589,0.1550072449,0.1566190474,0.008264383412,0.008208512355,0.008337747429,26.36674308,22.90228065,31.57985912
8.75,14.69448002,14.59685821,14.94288836,0.1558063564,0.1550062335,0.1566079108,0.008264185207,0.008208523707,0.008337126718,26.24047048,22.80434928,31.41250353
8.791666667,14.69480127,14.59710179,14.94302296,0.155802056,0.1550052204,0.1565967948,0.008263987093,0.008208534926,0.008336507141,26.11482993,22.70684475,31.24610884
8.833333333,14.69512231,14.59734549,14.9431573,0.1557977577,0.1550042057,0.1565856991,0.008263789068,0.008208546009,0.008335888696,25.98981811,22.60976514,31.08066908
8.875,14.69544315,14.59758931,14.94329139,0.1557934616,0.1550031893,0.1565746239,0.008263591131,0.008208556953,0.008335271382,25.86543172,22.51310853,30.91617836
8.916666667,14.69576378,14.59783324,14.94342522,0.1557891676,0.1550021713,0.156563569,0.008263393284,0.008208567758,0.008334655196,25.74166749,22.41687303,30.75263078
8.958333333,14.69608421,14.59807729,14.94355879,0.1557848757,0.1550011517,0.1565525345,0.008263195525,0.008208578421,0.008334040136,25.61852217,22.32105674,30.59002048
9,14.69640442,14.59832145,14.94369211,0.1557805859,0.1550001303,0.1565415202,0.008262997854,0.008208588941,0.0083334262,25.4959925,22.22565778,30.42834165
9.041666667,14.69672443,14.59856572,14.94382518,0.1557762982,0.1549991074,0.1565305262,0.008262800271,0.008208599317,0.008332813386,25.37407527,22.13067426,30.26758848
9.083333333,14.69704422,14.5988101,14.94395798,0.1557720127,0.1549980828,0.1565195524,0.008262602777,0.008208609549,0.008332214942,25.25276727,22.03607021,30.10775521
9.125,14.69736381,14.59905459,14.94409054,0.1557677293,0.1549970565,0.1565085987,0.008262405371,0.008208619635,0.008331875498,25.13206532,21.94182309,29.94883611
9.166666667,14.69768319,14.5992992,14.94422284,0.155763448,0.1549960286,0.1564976652,0.008262208053,0.008208629574,0.008331536273,25.01196624,21.84798699,29.79082547
9.208333333,14.69800235,14.59954391,14.94435488,0.1557591688,0.154994999,0.1564867518,0.008262010822,0.008208605042,0.008331197268,24.89246688,21.75456005,29.63371762
9.25,14.69832131,14.59978872,14.94448668,0.1557548918,0.1549939678,0.1564758585,0.00826181368,0.008208579528,0.008330858481,24.77356411,21.66154045,29.47750693
9.291666667,14.69864006,14.60003365,14.94461822,0.1557506169,0.1549929349,0.1564649851,0.008261616625,0.008208553952,0.008330519913,24.6552548,21.56892635,29.32218778
9.333333333,14.69895859,14.60027868,14.94474951,0.1557463441,0.1549919004,0.1564541318,0.008261419658,0.008208528314,0.008330181563,24.53753586,21.47671594,29.1677546
9.375,14.69927692,14.60052381,14.94488055,0.1557420734,0.1549908643,0.1564432984,0.008261222779,0.008208502612,0.008329843431,24.4204042,21.38490742,29.01420185
9.416666667,14.69959503,14.60076905,14.94501133,0.1557378049,0.1549898264,0.156432485,0.008261025987,0.008208476846,0.008329505517,24.30385676,21.29349897,28.86152402
9.458333333,14.69991294,14.6010144,14.94514187,0.1557335385,0.154988787,0.1564216914,0.008260829283,0.008208451015,0.00832916782,24.18789048,21.20248882,28.70971562
9.5,14.70023063,14.60125984,14.94527216,0.1557292742,0.1549877458,0.1564109176,0.008260632667,0.008208425119,0.00832883034,24.07250233,21.11184724,28.55877122
9.541666667,14.70054811,14.60150539,14.94540219,0.155725012,0.1549867031,0.1564001637,0.008260436138,0.008208399157,0.008328493077,23.95768929,21.02159956,28.40868539
9.583333333,14.70086539,14.60175105,14.94553198,0.155720752,0.1549856586,0.1563894295,0.008260239698,0.008208373128,0.008328156031,23.84344836,20.93174521,28.25945276
9.625,14.70118245,14.6019968,14.94566152,0.1557164941,0.1549846126,0.1563787151,0.008260043345,0.008208347032,0.008327819202,23.72977656,20.84228244,28.11106798
9.666666667,14.7014993,14.60224265,14.94579081,0.1557122383,0.1549835648,0.1563680204,0.008259847079,0.008208320869,0.008327482588,23.61667092,20.75320949,27.96352574
9.708333333,14.70181594,14.60248861,14.94591986,0.1557079846,0.1549825155,0.1563573453,0.008259650902,0.008208294638,0.008327146191,23.50412849,20.66452462,27.81682075
9.75,14.70213236,14.60273467,14.94604866,0.1557037331,0.1549814644,0.1563466899,0.008259454812,0.008208268338,0.00832681001,23.39214632,20.5762261,27.67094776
9.791666667,14.70244858,14.60298082,14.94617721,0.1556994837,0.1549804118,0.156336054,0.008259258809,0.008208241971,0.008326474044,23.28072151,20.4883122,27.52590156
9.833333333,14.70276459,14.60322707,14.94630551,0.1556952364,0.1549793574,0.1563254377,0.008259062895,0.008208215535,0.008326138294,23.16985115,20.4007812,27.38167696
9.875,14.70308038,14.60347343,14.94643357,0.1556909913,0.1549783015,0.1563148409,0.008258867068,0.00820818903,0.008325802759,23.05953234,20.31363139,27.24238265
9.916666667,14.70339597,14.60371988,14.94656138,0.1556867482,0.1549772439,0.1563042636,0.008258671329,0.008208162457,0.008325467439,22.94976223,20.22686107,27.1039495
9.958333333,14.70371134,14.60396643,14.94668895,0.1556825073,0.1549761846,0.1562937058,0.008258475678,0.008208135814,0.008325132335,22.84053794,20.14046855,26.96624206
10,14.7040265,14.60421307,14.94681627,0.1556782686,0.1549751237,0.1562831673,0.008258280115,0.008208109101,0.008324797445,22.73185665,20.05445213,26.82925658
10.04166667,14.70434145,14.60445981,14.94694335,0.155674032,0.1549740611,0.1562726483,0.008258084639,0.00820808232,0.008324462769,22.62371552,19.96881014,26.69298933
10.08333333,14.70465619,14.60470665,14.94707019,0.1556697975,0.1549729969,0.1562621485,0.008257889252,0.008208055468,0.008324128309,22.51611175,19.88354092,26.55743657
10.125,14.70497072,14.60495358,14.94719678,0.1556655651,0.1549719311,0.1562516681,0.008257693952,0.008208028547,0.008323794062,22.40904254,19.79864279,26.42383991
10.16666667,14.70528504,14.60520061,14.94732314,0.1556613349,0.1549708636,0.1562412069,0.00825749874,0.008208001556,0.008323460029,22.30250511,19.7141141,26.29321686
10.20833333,14.70559915,14.60544772,14.94744925,0.1556571068,0.1549697944,0.156230765,0.008257303616,0.008207974495,0.008323126211,22.19649669,19.62995321,26.16323246
10.25,14.70591305,14.60569494,14.94757511,0.1556528808,0.1549687236,0.1562203423,0.00825710858,0.008207947364,0.008322792606,22.09101455,19.54615847,26.033884
10.29166667,14.70622673,14.60594224,14.94770074,0.155648657,0.1549676512,0.1562099387,0.008256913632,0.008207920162,0.008322459215,21.98605594,19.46272825,25.90516878
10.33333333,14.70654021,14.60618964,14.94782613,0.1556444353,0.1549665771,0.1561995543,0.008256718772,0.008207892891,0.008322126037,21.88161814,19.37966094,25.77708407
10.375,14.70685348,14.60643713,14.94795127,0.1556402157,0.1549655014,0.156189189,0.008256524,0.008207865549,0.008321793073,21.77769845,19.2969549,25.64962718
10.41666667,14.70716653,14.60668276,14.94807618,0.1556359982,0.1549644241,0.1561788427,0.008256329316,0.008207838136,0.008321460322,21.67429418,19.21347224,25.52279539
10.45833333,14.70747937,14.60691066,14.94820085,0.1556317829,0.1549633451,0.1561685154,0.00825613472,0.008207810653,0.008321127783,21.57140266,19.12989958,25.39658599
10.5,14.70779201,14.60713869,14.94832527,0.1556275698,0.1549622644,0.1561582072,0.008255940213,0.008207783099,0.008320795458,21.46902123,19.04670552,25.27099628
10.54166667,14.70810443,14.60736683,14.94844946,0.1556233587,0.1549611821,0.1561479178,0.008255745793,0.008207755474,0.008320463345,21.36714723,18.96388822,25.14602356
10.58333333,14.70841664,14.60759509,14.94857342,0.1556191498,0.1549600982,0.1561376475,0.008255551461,0.008207727779,0.008320131444,21.26577803,18.88144585,25.02166513
10.625,14.70872865,14.60782346,14.94869713,0.155614943,0.1549590126,0.1561273959,0.008255357218,0.008207700013,0.008319799756,21.16491103,18.79937658,24.89791828
10.66666667,14.70904044,14.60805196,14.94882061,0.1556107384,0.1549579254,0.1561171633,0.008255163063,0.008207672176,0.00831946828,21.06454361,18.71767862,24.77478034
10.70833333,14.70935202,14.60828056,14.94894385,0.1556065359,0.1549568366,0.1561069494,0.008254968996,0.008207644268,0.008319137016,20.96467319,18.63635016,24.65224859
10.75,14.70966339,14.60850929,14.94906686,0.1556023355,0.1549557461,0.1560967544,0.008254775017,0.008207616289,0.008318805964,20.86529719,18.5553894,24.53032036
10.79166667,14.70997455,14.60873813,14.94918963,0.1555981373,0.154954654,0.156086578,0.008254581127,0.008207588238,0.008318475124,20.76641305,18.47479459,24.40899297
10.83333333,14.7102855,14.60896709,14.94931216,0.1555939412,0.1549535602,0.1560764204,0.008254387325,0.008207560117,0.008318144495,20.66801823,18.39456393,24.28826373
10.875,14.71059624,14.60919616,14.94943446,0.1555897473,0.1549524648,0.1560662815,0.008254193611,0.008207531924,0.008317814077,20.57011019,18.31469569,24.16812997
10.91666667,14.71090677,14.60942534,14.94955653,0.1555855554,0.1549513678,0.1560561612,0.008253999985,0.00820750366,0.008317483871,20.4726864,18.23518809,24.04858902
10.95833333,14.71121709,14.60965464,14.94967836,0.1555813657,0.1549502691,0.1560460595,0.008253806448,0.008207475325,0.008317153876,20.37574437,18.15603941,23.92963822
11,14.7115272,14.60988405,14.94979995,0.1555771782,0.1549491688,0.1560359764,0.008253612999,0.008207446918,0.008316824092,20.27928161,18.07724792,23.8112749
11.04166667,14.7118371,14.61011357,14.94992132,0.1555729928,0.1549480668,0.1560259119,0.008253419639,0.00820741844,0.008316494518,20.18329563,17.99881188,23.69349641
11.08333333,14.71214679,14.61034321,14.95004245,0.1555688095,0.1549469633,0.1560158658,0.008253226367,0.00820738989,0.008316165155,20.08778396,17.9207296,23.5763001
11.125,14.71245627,14.61057295,14.95016335,0.1555646284,0.1549458581,0.1560058382,0.008253033183,0.008207361269,0.008315836002,19.99274416,17.84299936,23.45968334
11.16666667,14.71276554,14.61080281,14.95028402,0.1555604494,0.1549447512,0.1559958291,0.008252840088,0.008207332576,0.00831550706,19.89817379,17.76561948,23.34364347
11.20833333,14.7130746,14.61103278,14.95040446,0.1555562725,0.1549436427,0.1559858383,0.008252647082,0.008207303812,0.008315178328,19.80407043,17.68858826,23.22817787
11.25,14.71338345,14.61126286,14.95052467,0.1555520978,0.1549425326,0.155975866,0.008252454164,0.008207274975,0.008314849806,19.71043165,17.61190404,23.11328391
11.29166667,14.71369209,14.61149305,14.95064465,0.1555479252,0.1549414209,0.1559659119,0.008252261334,0.008207246067,0.008314521494,19.61725506,17.53556515,22.99895898
11.33333333,14.71400052,14.61172335,14.95076439,0.1555437548,0.1549403075,0.1559559762,0.008252068593,0.008207217088,0.008314193391,19.52453827,17.45956993,22.88520045
11.375,14.71430874,14.61195376,14.95088391,0.1555395865,0.1549391925,0.1559460588,0.008251875941,0.008207188036,0.008313865498,19.43227892,17.38391673,22.77200574
11.41666667,14.71461675,14.61218427,14.9510032,0.1555354203,0.1549380759,0.1559361595,0.008251683377,0.008207158912,0.008313537814,19.34047463,17.30860391,22.65937223
11.45833333,14.71492455,14.6124149,14.95112226,0.1555312563,0.1549369576,0.1559262785,0.008251490902,0.008207129717,0.00831321034,19.24912307,17.23362985,22.54729734
11.5,14.71523214,14.61264563,14.95124109,0.1555270944,0.1549358377,0.1559169785,0.008251298516,0.008207100449,0.008312883075,19.15822189,17.15899292,22.43577847
11.54166667,14.71553952,14.61287647,14.9513597,0.1555229347,0.1549347162,0.1559081799,0.008251106218,0.008207071109,0.008312556018,19.06776878,17.0846915,22.32481306
11.58333333,14.71584669,14.61310741,14.95147807,0.1555187771,0.1549335931,0.1558993954,0.008250914009,0.008207041697,0.00831222917,18.97776142,17.010724,22.21439853
11.625,14.71615366,14.61333846,14.95159622,0.1555146216,0.1549324683,0.1558906249,0.008250721889,0.008207012213,0.008311902531,18.88819752,16.93708881,22.10453232
11.66666667,14.71646041,14.61356962,14.95171415,0.1555104683,0.1549313419,0.1558818686,0.008250529857,0.008206982657,0.008311576101,18.79907479,16.86378436,21.99521187
11.70833333,14.71676695,14.61380088,14.95183185,0.1555063171,0.1549302139,0.1558731262,0.008250337914,0.008206953029,0.008311249878,18.71039096,16.79080906,21.88643463
11.75,14.71707329,14.61403225,14.95194932,0.1555021681,0.1549290843,0.1558643979,0.00825014606,0.008206923328,0.008310923864,18.62214376,16.71816134,21.77819807
11.79166667,14.71737941,14.61426372,14.95206657,0.1554980212,0.154927953,0.1558556836,0.008249954295,0.008206893555,0.008310598058,18.53433096,16.64583964,21.67049964
11.83333333,14.71768533,14.61449529,14.95218359,0.1554938765,0.1549268201,0.1558469833,0.008249762619,0.00820686371,0.00831027246,18.44695031,16.5738424,21.56333684
11.875,14.71799103,14.61472697,14.95230039,0.1554897339,0.1549256856,0.1558382969,0.008249571032,0.008206833792,0.008309947069,18.35999958,16.50216809,21.45670713
11.91666667,14.71829653,14.61495875,14.95241696,0.1554855934,0.1549245495,0.1558296244,0.008249379533,0.008206803802,0.008309621886,18.27347658,16.43081515,21.35060801
11.95833333,14.71860182,14.61519064,14.95253331,0.1554814551,0.1549234117,0.1558209659,0.008249188123,0.00820677374,0.008309296911,18.18737909,16.35978208,21.24503699
12,14.7189069,14.61542262,14.95264944,0.1554773189,0.1549222724,0.1558123212,0.008248996803,0.008206743604,0.008308972142,18.10170492,16.28906733,21.13999156
12.04166667,14.71921177,14.61565471,14.95276535,0.1554731849,0.1549211314,0.1558036904,0.008248805571,0.008206713397,0.008308647581,18.01645191,16.21866941,21.03546924
12.08333333,14.71951643,14.6158869,14.95288103,0.155469053,0.1549199888,0.1557950734,0.008248614428,0.008206683116,0.008308323227,17.93161789,16.1485868,20.93146756
12.125,14.71982088,14.61611919,14.9529965,0.1554649232,0.1549188445,0.1557864703,0.008248423374,0.008206652764,0.00830799908,17.8472007,16.07881801,20.82798404
12.16666667,14.72012513,14.61635158,14.95311174,0.1554607956,0.1549176987,0.1557784324,0.00824823241,0.008206622338,0.008307675139,17.7631982,16.00936155,20.72501624
12.20833333,14.72042916,14.61658407,14.95322676,0.1554566702,0.1549165512,0.1557707654,0.008248041534,0.00820659184,0.008307351405,17.67960827,15.94021593,20.6225617
12.25,14.72073299,14.61681666,14.95334156,0.1554525469,0.1549154022,0.1557631088,0.008247850747,0.008206561269,0.008307027877,17.59642877,15.8713797,20.52061797
12.29166667,14.7210366,14.61704935,14.95345614,0.1554484257,0.1549142515,0.1557554628,0.00824766005,0.008206530625,0.008306704556,17.51365761,15.80285137,20.41918262
12.33333333,14.72134001,14.61728213,14.9535705,0.1554443067,0.1549130992,0.1557478273,0.008247469441,0.008206499908,0.00830638144,17.43129269,15.73462949,20.31825324
12.375,14.72164321,14.61751502,14.95368464,0.1554401898,0.1549119453,0.1557402022,0.008247278922,0.008206469118,0.008306058531,17.34933193,15.66671262,20.21782739
12.41666667,14.7219462,14.617748,14.95379856,0.1554360751,0.1549107897,0.1557325876,0.008247088492,0.008206438256,0.008305735827,17.26777324,15.59789709,20.11790268
12.45833333,14.72224899,14.61798108,14.95391227,0.1554319625,0.1549096326,0.1557249834,0.008246898151,0.008206407321,0.008305413329,17.18661458,15.52938583,20.01847671
12.5,14.72255156,14.61820151,14.95402575,0.155427852,0.1549084739,0.1557173897,0.008246707899,0.008206376313,0.008305091037,17.10585388,15.46119066,19.91954708
12.54166667,14.72285392,14.61841697,14.95413902,0.1554237437,0.1549073135,0.1557098064,0.008246517737,0.008206345231,0.00830476895,17.02548911,15.39331,19.82111141
12.58333333,14.72315608,14.61863256,14.95425208,0.1554196376,0.1549061515,0.1557022334,0.008246327663,0.008206314077,0.008304447068,16.94551824,15.32574229,19.72316733
12.625,14.72345803,14.61884826,14.95436491,0.1554155336,0.154904988,0.1556946709,0.008246137679,0.00820628285,0.008304125391,16.86593924,15.25848596,19.62571249
12.66666667,14.72375977,14.61906409,14.95447753,0.1554114317,0.1549038228,0.1556871188,0.008245947784,0.008206251549,0.00830380392,16.78675012,15.19153947,19.52874451
12.70833333,14.7240613,14.61928003,14.95458993,0.155407332,0.154902656,0.155679577,0.008245757979,0.008206220176,0.008303482653,16.70794887,15.12490127,19.43226106
12.75,14.72436263,14.61949608,14.95470212,0.1554032344,0.1549014876,0.1556720456,0.008245568263,0.008206188729,0.00830316159,16.62953351,15.05856983,19.33625981
12.79166667,14.72466374,14.61971226,14.95481409,0.155399139,0.1549003176,0.1556650119,0.008245378636,0.008206157209,0.008302840732,16.55150207,14.99254363,19.24073841
12.83333333,14.72496465,14.61992855,14.95492585,0.1553950458,0.154899146,0.1556582687,0.008245189099,0.008206125616,0.008302520079,16.47385257,14.92682115,19.14569456
12.875,14.72526535,14.62014496,14.9550374,0.1553909546,0.1548979728,0.1556515331,0.00824499965,0.00820609395,0.00830219963,16.39658307,14.86140089,19.05112595
12.91666667,14.72556584,14.62036148,14.95514873,0.1553868657,0.154896798,0.1556448052,0.008244810292,0.008206062211,0.008301879384,16.31969161,14.79628134,18.95703026
12.95833333,14.72586612,14.62057812,14.95525984,0.1553827788,0.1548956216,0.155638085,0.008244621023,0.008206030398,0.008301559343,16.24317628,14.73146101,18.86340522
13,14.7261662,14.62079487,14.95537075,0.1553786942,0.1548944436,0.1556313725,0.008244431843,0.008205998512,0.008301239506,16.16703513,14.66693843,18.77024854
13.04166667,14.72646606,14.62101174,14.95548144,0.1553746116,0.154893264,0.1556246676,0.008244242752,0.008205966553,0.008300919872,16.09126627,14.60271212,18.67755794
13.08333333,14.72676572,14.62122872,14.95559192,0.1553705313,0.1548920828,0.1556179704,0.008244053752,0.00820593452,0.008300600442,16.01586778,14.53878062,18.58533117
13.125,14.72706517,14.62144581,14.95570219,0.155366453,0.1548909,0.1556112808,0.00824386484,0.008205902414,0.008300281215,15.94083778,14.47514246,18.49356595
13.16666667,14.72736442,14.62166302,14.95581224,0.1553623769,0.1548897156,0.1556045989,0.008243676018,0.008205870234,0.008299962191,15.86617438,14.4117962,18.40226006
13.20833333,14.72766346,14.62188034,14.95592209,0.155358303,0.1548885296,0.1555979245,0.008243487286,0.008205837981,0.008299643371,15.79187572,14.3487404,18.31141125
13.25,14.72796228,14.62209777,14.95603173,0.1553542312,0.154887342,0.1555912578,0.008243298643,0.008205805655,0.008299324753,15.71793992,14.28597362,18.2210173
13.29166667,14.7282609,14.62231531,14.95614115,0.1553501616,0.1548861528,0.1555845988,0.00824311009,0.008205773255,0.008299006339,15.64436513,14.22349444,18.13107597
13.33333333,14.72855932,14.62253297,14.95625037,0.1553460941,0.154884962,0.1555779473,0.008242921627,0.008205740782,0.008298688127,15.57114952,14.16130144,18.04158508
13.375,14.72885752,14.62275073,14.95635937,0.1553420288,0.1548837696,0.1555713034,0.008242733253,0.008205708235,0.008298370117,15.49829125,14.09939321,17.9525424
13.41666667,14.72915552,14.62296861,14.95646817,0.1553379656,0.1548825757,0.1555651021,0.008242544969,0.008205675614,0.00829805231,15.4257885,14.03776835,17.86394576
13.45833333,14.72945331,14.6231866,14.95657676,0.1553339045,0.1548813801,0.1555591592,0.008242356774,0.00820564292,0.008297734705,15.35363945,13.97642547,17.77579297
13.5,14.7297509,14.62340469,14.95668514,0.1553298457,0.154880183,0.1555532217,0.008242168669,0.008205610153,0.008297417303,15.28184231,13.91536318,17.68808185
13.54166667,14.73004827,14.6236229,14.95679331,0.1553257889,0.1548789843,0.1555472896,0.008241980654,0.008205577311,0.008297100102,15.21039527,13.85458011,17.60081024
13.58333333,14.73034544,14.62384121,14.95690128,0.1553217343,0.154877784,0.155541363,0.008241792729,0.008205544397,0.008296783103,15.13929656,13.79407487,17.513976
13.625,14.73064241,14.62405964,14.95700903,0.1553176819,0.1548765821,0.1555354418,0.008241604893,0.008205511408,0.008296466306,15.06854439,13.73384611,17.42757696
13.66666667,14.73093916,14.62427817,14.95711659,0.1553136316,0.1548753786,0.1555295261,0.008241417147,0.008205478346,0.008296165744,14.99813701,13.67389248,17.34161099
13.70833333,14.73123571,14.6244968,14.95722393,0.1553095835,0.1548741735,0.1555236158,0.008241229491,0.00820544521,0.00829587706,14.92807266,13.61421261,17.25607597
13.75,14.73153205,14.62471555,14.95733107,0.1553055375,0.1548729668,0.1555177109,0.008241041924,0.008205412001,0.008295588519,14.85834959,13.55480518,17.17096977
13.79166667,14.73182818,14.6249344,14.95743801,0.1553014937,0.1548717586,0.1555118114,0.008240854448,0.008205378717,0.008295300118,14.78896606,13.49566885,17.08629029
13.83333333,14.73212411,14.62515336,14.95754474,0.155297452,0.1548705488,0.1555059174,0.008240667061,0.00820534536,0.00829501186,14.71992035,13.43680229,17.00203542
13.875,14.73241983,14.62537242,14.95765126,0.1552934125,0.1548693374,0.1555000288,0.008240479764,0.00820531193,0.008294723743,14.65121073,13.37820418,16.91820308
13.91666667,14.73271535,14.62559159,14.95775758,0.1552893751,0.1548681244,0.1554941456,0.008240292557,0.008205278425,0.008294435768,14.58283551,13.31987321,16.83479118
13.95833333,14.73301065,14.62581087,14.9578637,0.1552853399,0.1548669099,0.1554882678,0.00824010544,0.008205244847,0.008294147935,14.51479297,13.26180808,16.75179764
14,14.73330575,14.62603025,14.95796961,0.1552813068,0.1548656937,0.1554823955,0.008239918413,0.008205211195,0.008293860243,14.44708142,13.20400749,16.6692204
14.04166667,14.73360065,14.62624973,14.95807532,0.1552772759,0.154864476,0.1554765286,0.008239731476,0.008205177469,0.008293572693,14.37969919,13.14647015,16.58705741
14.08333333,14.73389533,14.62646932,14.95818083,0.1552732471,0.1548605263,0.1554712509,0.008239544628,0.008205143669,0.008293285284,14.3126446,13.08919477,16.50530662
14.125,14.73418981,14.62668901,14.95828614,0.1552692205,0.1548508073,0.1554659933,0.008239357871,0.008205109795,0.008292998017,14.24591599,13.03218008,16.42396599
14.16666667,14.73448409,14.6269088,14.95839124,0.155265196,0.1548411069,0.1554607393,0.008239171204,0.008205075848,0.008292710892,14.1795117,12.9754248,16.34303349
14.20833333,14.73477816,14.6271287,14.95849615,0.1552611737,0.1548314252,0.155455489,0.008238984626,0.008205041826,0.008292423908,14.11343007,12.91892768,16.26250711
14.25,14.73507202,14.6273487,14.95860085,0.1552571535,0.1548217622,0.1554502424,0.008238798139,0.008205007731,0.008292137066,14.04766949,12.86268746,16.18238482
14.29166667,14.73536567,14.6275688,14.95870535,0.1552531355,0.1548121177,0.1554449994,0.008238611742,0.008204973562,0.008291850365,13.98222831,12.80670289,16.10266464
14.33333333,14.73565912,14.627789,14.95880965,0.1552491197,0.1548024917,0.1554397601,0.008238425435,0.008204939319,0.008291563806,13.91710491,12.75097273,16.02334456
14.375,14.73595236,14.6280093,14.95891375,0.155245106,0.1547928843,0.1554345245,0.008238239218,0.008204905002,0.008291277388,13.85229768,12.69549574,15.9444226
14.41666667,14.7362454,14.62822971,14.95901765,0.1552410944,0.1547832953,0.1554292926,0.00823805309,0.008204870611,0.008290991112,13.78780503,12.64027069,15.86589678
14.45833333,14.73653823,14.62845021,14.95912135,0.155237085,0.1547737247,0.1554240644,0.008237867054,0.008204836146,0.008290704978,13.72362534,12.58529637,15.78776514
14.5,14.73683086,14.62867081,14.95922485,0.1552330778,0.1547641726,0.1554188399,0.008237681107,0.008204801608,0.008290418984,13.65975705,12.53057155,15.71002573
14.54166667,14.73712327,14.62889152,14.95932816,0.1552290727,0.1547546388,0.155413619,0.00823749525,0.008204766995,0.008290133133,13.59619856,12.47609502,15.63267658
14.58333333,14.73741549,14.62911232,14.95943127,0.1552250698,0.1547451234,0.1554084018,0.008237309484,0.008204732308,0.008289847423,13.53294831,12.42119206,15.55571577
14.625,14.73770749,14.62933322,14.95953418,0.155221069,0.1547356262,0.1554031884,0.008237123807,0.008204697548,0.008289561854,13.47000473,12.36634672,15.47914136
14.66666667,14.73799929,14.62955421,14.95963689,0.1552170703,0.1547261473,0.1553979786,0.008236938221,0.008204662713,0.008289276427,13.40736628,12.31175638,15.40295142
14.70833333,14.73829089,14.62977531,14.9597394,0.1552130739,0.1547166867,0.1553928423,0.008236752725,0.008204627804,0.008288991141,13.34503141,12.25741976,15.32714405
14.75,14.73858228,14.6299965,14.95984172,0.1552090795,0.1547072442,0.1553881652,0.00823656732,0.008204592822,0.008288705996,13.28299858,12.20333558,15.25171733
14.79166667,14.73887346,14.63021779,14.95994384,0.1552050874,0.1546978198,0.1553834903,0.008236382004,0.008204557765,0.008288420993,13.22126626,12.14950258,15.17666937
14.83333333,14.73916444,14.63043918,14.96004577,0.1552010974,0.1546884136,0.1553788178,0.008236196779,0.008204522634,0.008288136132,13.15983293,12.0959195,15.10199829
14.875,14.73945522,14.63066066,14.9601475,0.1551971095,0.1546790255,0.1553741475,0.008236011644,0.00820448743,0.008287851411,13.09869709,12.0425851,15.02770219
14.91666667,14.73974578,14.63088224,14.96024904,0.1551931238,0.1546696554,0.1553694795,0.0082358266,0.008204452151,0.008287566832,13.03785721,11.98949812,14.95377922
14.95833333,14.74003615,14.63110391,14.96035038,0.1551891402,0.1546603034,0.1553648139,0.008235641645,0.008204416798,0.008287282395,12.97731182,11.93665734,14.8802275
15,14.7403263,14.63132568,14.96045153,0.1551851588,0.1546509693,0.1553601505,0.008235456781,0.008204381371,0.008286998099,12.91705941,11.88406151,14.80704519
15.04166667,14.74061625,14.63154754,14.96055248,0.1551811796,0.1546416532,0.1553554895,0.008235272008,0.00820434587,0.008286713944,12.85709851,11.83170943,14.73423044
15.08333333,14.740906,14.6317695,14.96065324,0.1551772025,0.154632355,0.1553508307,0.008235087325,0.008204310296,0.00828642993,12.79742765,11.77959987,14.66178141
15.125,14.74119554,14.63199155,14.9607538,0.1551732276,0.1546230746,0.1553461743,0.008234902732,0.008204274647,0.008286146058,12.73804536,11.72773161,14.58969628
15.16666667,14.74148488,14.6322137,14.96085418,0.1551692548,0.1546138121,0.1553415202,0.008234718229,0.008204238924,0.008285862327,12.67895018,11.67610347,14.51797322
15.20833333,14.74177401,14.63243593,14.96095436,0.1551652842,0.1546045674,0.1553368685,0.008234533817,0.008204203127,0.008285578737,12.62014066,11.62471424,14.44661042
15.25,14.74206294,14.63265826,14.96105435,0.1551613157,0.1545953405,0.155332219,0.008234349496,0.008204167256,0.008285295288,12.56161536,11.57356274,14.37560608
15.29166667,14.74235166,14.63288068,14.96115415,0.1551573494,0.1545861313,0.1553275719,0.008234165265,0.00820413131,0.008285011981,12.50337285,11.52264777,14.30495841
15.33333333,14.74264018,14.6331032,14.96125375,0.1551533852,0.1545769399,0.1553229271,0.008233981124,0.008204095291,0.008284728815,12.4454117,11.47196817,14.23466561
15.375,14.74292849,14.6333258,14.96135317,0.1551494232,0.1545677661,0.1553183445,0.008233797074,0.008204059198,0.00828444579,12.38773048,11.42152276,14.16472592
15.41666667,14.74321659,14.6335485,14.96145239,0.1551454634,0.1545586099,0.1553141655,0.008233613114,0.008204023031,0.008284162907,12.3303278,11.37131039,14.09513755
15.45833333,14.7435045,14.63377128,14.96155143,0.1551415057,0.1545494714,0.1553099877,0.008233429245,0.008203986789,0.008283880165,12.27320224,11.32132988,14.02589876
15.5,14.7437922,14.63399416,14.96165027,0.1551375501,0.1545403504,0.1553058111,0.008233245466,0.008203950474,0.008283597563,12.2163524,11.27158011,13.95700777
15.54166667,14.74407969,14.63421712,14.96174893,0.1551335967,0.154531247,0.1553016357,0.008233061778,0.008203914084,0.008283315103,12.1597769,11.2220599,13.88846286
15.58333333,14.74436698,14.63444018,14.96184739,0.1551296455,0.154522161,0.1552974616,0.008232878181,0.008203877621,0.008283032785,12.10347435,11.17276814,13.82026229
15.625,14.74465406,14.63466332,14.96194567,0.1551256964,0.1545130925,0.1552932887,0.008232694674,0.008203841083,0.008282750607,12.04744338,11.12370369,13.75240431
15.66666667,14.74494094,14.63488656,14.96204376,0.1551217495,0.1545040415,0.155289117,0.008232511257,0.008203804471,0.00828246857,11.99168262,11.07486542,13.68488722
15.70833333,14.74522762,14.63510988,14.96214166,0.1551178048,0.1544950079,0.1552849465,0.008232327931,0.008203767786,0.008282186675,11.93619071,11.02625222,13.61770931
15.75,14.74551409,14.63533329,14.96223937,0.1551138621,0.1544859916,0.1552807773,0.008232144696,0.008203731026,0.008281904921,11.88096629,10.97786296,13.55086886
15.79166667,14.74580036,14.63555678,14.9623369,0.1551099217,0.1544769927,0.1552766094,0.008231961552,0.008203694192,0.008281623308,11.82600803,10.92969655,13.48436418
15.83333333,14.74608642,14.63578037,14.96243424,0.1551059834,0.1544680111,0.1552724427,0.008231778498,0.008203657284,0.008281341835,11.77131458,10.88175188,13.41819359
15.875,14.74637228,14.63600404,14.96253139,0.1551020473,0.1544590467,0.1552682773,0.008231595534,0.008203620302,0.008281060504,11.7168846,10.83402786,13.35235539
15.91666667,14.74665794,14.63622779,14.96262835,0.1550981133,0.1544500996,0.1552641131,0.008231412662,0.008203583246,0.008280779315,11.66271678,10.7865234,13.28684793
15.95833333,14.74694339,14.63645164,14.96272513,0.1550941814,0.1544411697,0.1552599502,0.00823122988,0.008203546116,0.008280498266,11.60880979,10.73923741,13.22166953
16,14.74722864,14.63667556,14.96282173,0.1550902518,0.154432257,0.1552557886,0.008231047189,0.008203508912,0.008280217358,11.55516232,10.69216882,13.15681855
16.04166667,14.74751368,14.63689958,14.96291814,0.1550863242,0.1544233614,0.1552516283,0.008230864588,0.008203471634,0.008279936591,11.50177308,10.64531655,13.09229332
16.08333333,14.74779852,14.63712368,14.96301436,0.1550823989,0.1544144829,0.155247869,0.008230682079,0.008203434282,0.008279655965,11.44864075,10.59867955,13.02809221
16.125,14.74808316,14.63734786,14.9631104,0.1550784757,0.1544056215,0.1552441162,0.00823049966,0.008203396856,0.00827937548,11.39576406,10.55225674,12.96421359
16.16666667,14.74836759,14.63757212,14.96320626,0.1550745546,0.1543967771,0.1552403639,0.008230317332,0.008203359356,0.008279095137,11.34314171,10.50604709,12.90065584
16.20833333,14.74865182,14.63779647,14.96330193,0.1550706357,0.1543879497,0.1552366119,0.008230135094,0.008203321782,0.008278814934,11.29077243,10.46004953,12.83741732
16.25,14.74893585,14.63802091,14.96339742,0.155066719,0.1543791393,0.1552328603,0.008229952948,0.008203284134,0.008278534872,11.23865495,10.41426303,12.77449645
16.29166667,14.74921967,14.63824542,14.96349272,0.1550628044,0.1543703458,0.1552291091,0.008229770892,0.008203246412,0.008278254951,11.186788,10.36868655,12.7118916
16.33333333,14.74950329,14.63847002,14.96358784,0.155058892,0.1543615693,0.1552253583,0.008229588927,0.008203208615,0.008277975171,11.13517033,10.32331905,12.6496012
16.375,14.74978671,14.6386947,14.96368278,0.1550549817,0.1543528096,0.1552216079,0.008229407053,0.008203170745,0.008277695532,11.08380068,10.27815952,12.58762365
16.41666667,14.75006992,14.63891946,14.96377754,0.1550510736,0.1543440668,0.155217858,0.008229225269,0.008203132801,0.008277416034,11.03267782,10.23320693,12.52595737
16.45833333,14.75035293,14.63914431,14.96387212,0.1550471676,0.1543353408,0.1552141085,0.008229043577,0.008203094784,0.008277136677,10.98180051,10.18846027,12.4646008
16.5,14.75063574,14.63936923,14.96396651,0.1550432638,0.1543266315,0.1552103594,0.008228861975,0.008203056692,0.008276857461,10.9311675,10.14391853,12.40355236
16.54166667,14.75091834,14.63959424,14.96406073,0.1550393622,0.154317939,0.1552066107,0.008228680464,0.008203018526,0.008276578385,10.88077759,10.0995807,12.34281051
16.58333333,14.75120074,14.63981932,14.96415476,0.1550354627,0.1543092633,0.1552028625,0.008228499045,0.008202980286,0.008276299451,10.83062954,10.05544579,12.28237369
16.625,14.75148294,14.64004449,14.96424861,0.1550315653,0.1543006042,0.1551991148,0.008228317716,0.008202941973,0.008276020657,10.78072216,10.0115128,12.22224037
16.66666667,14.75176493,14.64026973,14.96434229,0.1550276702,0.1542919617,0.1551953675,0.008228136478,0.008202903585,0.008275742004,10.73105423,9.967780751,12.16240901
16.70833333,14.75204673,14.64049505,14.96443578,0.1550237771,0.1542833359,0.1551916207,0.008227955331,0.008202865124,0.008275463492,10.68162455,9.924248654,12.10287807
16.75,14.75232832,14.64072045,14.9645291,0.1550198863,0.1542747267,0.1551881338,0.008227774275,0.008202826588,0.008275185121,10.63243193,9.880915535,12.04364606
16.79166667,14.7526097,14.64094594,14.96462223,0.1550159975,0.154266134,0.1551847455,0.00822759331,0.008202787979,0.008274906891,10.58347519,9.837780421,11.98471145
16.83333333,14.75289089,14.64117149,14.96471519,0.155012111,0.1542575578,0.155181357,0.008227412436,0.008202749296,0.008274628801,10.53475314,9.794842346,11.92607273
16.875,14.75317187,14.64139713,14.96480797,0.1550082266,0.1542489982,0.1551779682,0.008227231653,0.008202710539,0.008274350852,10.48626462,9.752100349,11.86772842
16.91666667,14.75345265,14.64162284,14.96490057,0.1550043443,0.1542404549,0.1551745792,0.00822705096,0.008202671709,0.008274073044,10.43800844,9.709553474,11.80967702
16.95833333,14.75373323,14.64184863,14.96499299,0.1550004643,0.1542319282,0.1551711899,0.008226870359,0.008202632804,0.008273795377,10.38998345,9.666942209,11.75191705
17,14.7540136,14.6420745,14.96508523,0.1549965863,0.1542234178,0.1551678005,0.008226689849,0.008202593826,0.00827351785,10.3421885,9.624185289,11.69444704
17.04166667,14.75429378,14.64230044,14.9651773,0.1549927105,0.1542149238,0.1551644108,0.00822650943,0.008202554774,0.008273240465,10.29462243,9.58162736,11.63726552
17.08333333,14.75457375,14.64252646,14.9652692,0.1549888369,0.1542064461,0.1551610209,0.008226329102,0.008202515648,0.00827296322,10.24728409,9.539267428,11.58037102
17.125,14.75485352,14.64275255,14.96536091,0.1549849655,0.1541979847,0.1551576307,0.008226148865,0.008202476448,0.008272686115,10.20017236,9.497104505,11.52376209
17.16666667,14.75513308,14.64297872,14.96545245,0.1549810961,0.1541895396,0.1551542404,0.00822596872,0.008202437175,0.008272409152,10.1532861,9.455137607,11.4674373
17.20833333,14.75541245,14.64320496,14.96554382,0.154977229,0.1541811107,0.1551508499,0.008225788665,0.008202397828,0.008272132329,10.10662419,9.413365758,11.41139519
17.25,14.75569161,14.64343128,14.96563501,0.154973364,0.1541726981,0.1551474592,0.008225608701,0.008202030449,0.008271855647,10.06018549,9.371787985,11.35563434
17.29166667,14.75597057,14.64365767,14.96572602,0.1549695011,0.1541643016,0.1551440684,0.008225428829,0.008201559795,0.008271579105,10.01396891,9.330403321,11.30015331
17.33333333,14.75624933,14.64388414,14.96581686,0.1549656405,0.1541559213,0.1551406773,0.008225249048,0.008201090043,0.008271302704,9.967973326,9.289210804,11.2449507
17.375,14.75652789,14.64411068,14.96590753,0.1549617819,0.1541475571,0.1551372861,0.008225069357,0.008200621192,0.008271026444,9.922197639,9.248209479,11.19002509
17.41666667,14.75680625,14.64433729,14.96599802,0.1549579256,0.1541392089,0.1551340149,0.008224889758,0.00820015324,0.008270750324,9.876640752,9.207398394,11.13537508
17.45833333,14.7570844,14.64456397,14.96608834,0.1549540713,0.1541308768,0.15513094,0.00822471025,0.008199686185,0.008270474345,9.831301575,9.166776604,11.08099927
17.5,14.75736235,14.64479072,14.96617848,0.1549502193,0.1541225608,0.1551278643,0.008224530834,0.008199220026,0.008270198507,9.786179021,9.126343168,11.02689626
17.54166667,14.75764011,14.64501755,14.96626845,0.1549463694,0.1541142607,0.155124788,0.008224351508,0.00819875476,0.008269922809,9.74127201,9.08609715,10.97306468
17.58333333,14.75791766,14.64524445,14.96635825,0.1549425216,0.1541059766,0.1551217109,0.008224172274,0.008198290387,0.008269647251,9.696579469,9.046037619,10.91950315
17.625,14.75819501,14.64547142,14.96644788,0.154938676,0.1540977085,0.1551186331,0.008223993131,0.008197826904,0.008269371835,9.652100328,9.006163651,10.8662103
17.66666667,14.75847215,14.64569846,14.96653734,0.1549348326,0.1540894562,0.1551155546,0.008223814079,0.00819736431,0.008269096558,9.607833524,8.966474325,10.81318476
17.70833333,14.7587491,14.64592557,14.96662662,0.1549309913,0.1540812198,0.1551124754,0.008223635118,0.008196902603,0.008268821423,9.563778,8.926968725,10.76042518
17.75,14.75902585,14.64615275,14.96671573,0.1549271522,0.1540729992,0.1551093955,0.008223456249,0.008196441781,0.008268546428,9.519932703,8.887645941,10.7079302
17.79166667,14.75930239,14.64638,14.96680467,0.1549233152,0.1540647945,0.1551063149,0.008223277471,0.008195981842,0.008268271573,9.476296586,8.848505069,10.6556985
17.83333333,14.75957873,14.64660731,14.96689345,0.1549194804,0.1540566055,0.1551032337,0.008223098784,0.008195522786,0.008267996859,9.432868609,8.809545206,10.60372872
17.875,14.75985488,14.6468347,14.96698205,0.1549156477,0.1540484323,0.1551001518,0.008222920188,0.00819506461,0.008267722285,9.389647736,8.770765458,10.55201954
17.91666667,14.76013082,14.64706216,14.96707048,0.1549118172,0.1540402748,0.1550970692,0.008222741684,0.008194607313,0.008267447852,9.346632936,8.732164934,10.50056963
17.95833333,14.76040656,14.64728968,14.96715874,0.1549079888,0.154032133,0.1550939859,0.008222563271,0.008194150892,0.00826717356,9.303823184,8.693742748,10.44937769
18,14.7606821,14.64751727,14.96724683,0.1549041626,0.1540240068,0.155090902,0.008222384949,0.008193695347,0.008266899408,9.26121746,8.655498018,10.39844239
18.04166667,14.76095744,14.64774493,14.96733475,0.1549003386,0.1540158963,0.1550878174,0.008222206719,0.008193240675,0.008266625396,9.218814751,8.617429869,10.34776244
18.08333333,14.76123258,14.64797266,14.96742251,0.1548965167,0.1540078014,0.1550847323,0.00822202858,0.008192786875,0.008266351524,9.176614046,8.579537428,10.29733653
18.125,14.76150752,14.64820045,14.96751009,0.154892697,0.153999722,0.155081923,0.008221850532,0.008192333946,0.008266077794,9.134614342,8.541819828,10.24716338
18.16666667,14.76178226,14.64842831,14.96759751,0.1548888794,0.1539916582,0.1550791171,0.008221672575,0.008191881885,0.008265804203,9.092814639,8.504276208,10.1972417
18.20833333,14.7620568,14.64865623,14.96768476,0.154885064,0.1539836099,0.1550763102,0.00822149471,0.008191430691,0.008265530753,9.051213946,8.46690571,10.14757022
18.25,14.76233114,14.64888422,14.96777185,0.1548812507,0.153975577,0.1550735022,0.008221316937,0.008190980362,0.008265257443,9.009811272,8.429707481,10.09814766
18.29166667,14.76260528,14.64911228,14.96785876,0.1548774396,0.1539675596,0.1550706932,0.008221139254,0.008190530897,0.008264984274,8.968605636,8.392680672,10.04897276
18.33333333,14.76287921,14.6493404,14.96794551,0.1548736306,0.1539595577,0.155067883,0.008220961664,0.008190082293,0.008264711245,8.927596058,8.355824439,10.00004425
18.375,14.76315295,14.64956858,14.9680321,0.1548698238,0.1539515711,0.1550650718,0.008220784164,0.00818963455,0.008264438356,8.886781565,8.319137943,9.951360895
18.41666667,14.76342649,14.64979683,14.96811851,0.1548660192,0.1539435999,0.1550622596,0.008220606756,0.008189187666,0.008264165608,8.846161191,8.28262035,9.902921436
18.45833333,14.76369983,14.65002515,14.96820476,0.1548622167,0.153935644,0.1550594463,0.008220429439,0.008188741639,0.008263893,8.80573397,8.246270829,9.854724637
18.5,14.76397297,14.65025352,14.96829085,0.1548584163,0.1539277034,0.155056632,0.008220252214,0.008188296467,0.008263620532,8.765498947,8.210088554,9.806769262
18.54166667,14.76424591,14.65048196,14.96837677,0.1548546181,0.1539197781,0.1550538166,0.00822007508,0.008187852149,0.008263348205,8.725455167,8.174072704,9.759054085
18.58333333,14.76451865,14.65071046,14.96846253,0.1548508221,0.153911868,0.1550510003,0.008219898038,0.008187408683,0.008263076018,8.685601682,8.138222462,9.711577883
18.625,14.76479119,14.65093903,14.96854812,0.1548470282,0.1539039731,0.1550481829,0.008219721087,0.008186966068,0.008262803971,8.645937549,8.102537015,9.664339442
18.66666667,14.76506353,14.65116766,14.96863355,0.1548432365,0.1538960935,0.1550453645,0.008219544228,0.008186524301,0.008262532064,8.60646183,8.067015555,9.617337551
18.70833333,14.76533567,14.65139634,14.96871881,0.1548394469,0.1538882289,0.1550425451,0.00821936746,0.008186083382,0.008262260298,8.567173591,8.031657279,9.570571007
18.75,14.76560761,14.65162509,14.96880391,0.1548356595,0.1538803795,0.1550397246,0.008219190783,0.008185643309,0.008261988672,8.528071904,7.996461385,9.524038613
18.79166667,14.76587935,14.6518539,14.96888885,0.1548318743,0.1538725452,0.1550370481,0.008219014199,0.008185204079,0.008261717186,8.489155844,7.96142708,9.477739178
18.83333333,14.76615089,14.65208278,14.96897362,0.1548280911,0.153864726,0.1550344755,0.008218837705,0.008184765692,0.00826144584,8.450424494,7.926553571,9.431671516
18.875,14.76642224,14.65231171,14.96905823,0.1548243102,0.1538569218,0.1550319015,0.008218661303,0.008184328146,0.008261174635,8.411876937,7.891840073,9.385834448
18.91666667,14.76669338,14.6525407,14.96914268,0.1548205314,0.1538491326,0.1550293262,0.008218484993,0.008183891438,0.008260903569,8.373512266,7.857285801,9.3402268
18.95833333,14.76696433,14.65276975,14.96922697,0.1548167547,0.1538413584,0.1550267496,0.008218308774,0.008183455569,0.008260632644,8.335329574,7.822889979,9.294847404
19,14.76723508,14.65299886,14.96931109,0.1548129802,0.1538335992,0.1550241717,0.008218132647,0.008183020536,0.008260361859,8.297327962,7.788651831,9.249695099
19.04166667,14.76750562,14.65322803,14.96939506,0.1548092079,0.1538258549,0.1550215924,0.008217956611,0.008182586336,0.008260091214,8.259506534,7.754570587,9.204768729
19.08333333,14.76777597,14.65345726,14.96947886,0.1548054377,0.1538181254,0.1550190119,0.008217780667,0.00818215297,0.008259820709,8.2218644,7.720645482,9.160067144
19.125,14.76804612,14.65368655,14.9695625,0.1548016697,0.1538104109,0.15501643,0.008217604814,0.008181720435,0.008259550345,8.184400672,7.686875752,9.115589199
19.16666667,14.76831608,14.65391589,14.96964598,0.1547979038,0.1538027111,0.1550138468,0.008217429053,0.00818128873,0.00825928012,8.147114469,7.65326064,9.071333756
19.20833333,14.76858583,14.65414529,14.96972931,0.1547941401,0.1537950262,0.1550112623,0.008217253383,0.008180857852,0.008259010036,8.110004915,7.619799392,9.027299682
19.25,14.76885538,14.65437475,14.96981247,0.1547903785,0.1537873561,0.1550086766,0.008217077805,0.008180427802,0.008258740091,8.073071135,7.586491259,8.983485851
19.29166667,14.76912474,14.65460427,14.96989547,0.154786619,0.1537797007,0.1550060896,0.008216902319,0.008179998576,0.008258470287,8.036312263,7.553335493,8.93989114
19.33333333,14.7693939,14.65483384,14.96997831,0.1547828618,0.15377206,0.1550035012,0.008216726924,0.008179570173,0.008258200623,7.999727434,7.520331353,8.896514434
19.375,14.76966286,14.65506347,14.970061,0.1547791067,0.1537644341,0.1550009117,0.008216551621,0.008179142592,0.008257931099,7.963315789,7.487478101,8.853354623
19.41666667,14.76993162,14.65529316,14.97014352,0.1547753537,0.1537568228,0.1549983208,0.00821637641,0.008178715831,0.008257661714,7.927076473,7.454775003,8.810410602
19.45833333,14.77020018,14.6555229,14.97022589,0.1547716029,0.1537492261,0.1549957754,0.00821620129,0.008178289889,0.00825739247,7.891008636,7.422221327,8.767681273
19.5,14.77046855,14.65575269,14.9703081,0.1547678542,0.153741644,0.1549934049,0.008216026262,0.008177864764,0.008257123366,7.855111432,7.389816349,8.725165542
19.54166667,14.77073672,14.65598254,14.97039015,0.1547641077,0.1537340766,0.1549910329,0.008215851325,0.008177440455,0.008256854402,7.819384019,7.357559068,8.682862321
19.58333333,14.77100468,14.65621245,14.97047204,0.1547603633,0.1537265237,0.1549886594,0.00821567648,0.008177016959,0.008256585578,7.783825561,7.325042523,8.640770527
19.625,14.77127246,14.65644241,14.97055378,0.1547566211,0.1537189853,0.1549862844,0.008215501727,0.008176594276,0.008256316893,7.748435222,7.292676842,8.598889085
19.66666667,14.77154003,14.65667242,14.97063536,0.1547528811,0.1537114614,0.1549839078,0.008215327065,0.008176172403,0.008256048349,7.713212176,7.260461279,8.557216922
19.70833333,14.77180741,14.65690249,14.97071678,0.1547491431,0.153703952,0.1549815298,0.008215152495,0.00817575134,0.008255779945,7.678155598,7.228395091,8.515752973
19.75,14.77207459,14.65713261,14.97079805,0.1547454074,0.153696457,0.1549791503,0.008214978017,0.008175331085,0.00825551168,7.643264667,7.196477541,8.474496177
19.79166667,14.77234157,14.65736278,14.97087916,0.1547416738,0.1536889765,0.1549767692,0.00821480363,0.008174911635,0.008255243556,7.608538567,7.164707893,8.433445479
19.83333333,14.77260835,14.657593,14.97096012,0.1547379423,0.1536815103,0.1549743867,0.008214629336,0.008174492991,0.008254975571,7.573976487,7.133085418,8.392599828
19.875,14.77287494,14.65782328,14.97104092,0.154734213,0.1536740585,0.1549720027,0.008214455132,0.008174075149,0.008254707726,7.539577619,7.101609389,8.351958181
19.91666667,14.77314133,14.65805361,14.97112156,0.1547304859,0.153666621,0.1549696172,0.008214281021,0.008173658109,0.008254440022,7.50534116,7.070279082,8.311519498
19.95833333,14.77340752,14.65828399,14.97120206,0.1547267609,0.1536591979,0.1549672303,0.008214107001,0.008173241869,0.008254172457,7.47126631,7.03909378,8.271282745
20,14.77367351,14.65851442,14.97128239,0.154723038,0.153651789,0.1549648419,0.008213933073,0.008172826428,0.008253905031,7.437352273,7.008052768,8.231246894
20.04166667,14.77393931,14.6587449,14.97136257,0.1547193173,0.1536443943,0.154962452,0.008213759237,0.008172411784,0.008253637746,7.403598259,6.977155333,8.19141092
20.08333333,14.77420491,14.65897544,14.9714426,0.1547155988,0.1536370139,0.1549600607,0.008213585492,0.008171997935,0.0082533706,7.370003481,6.94640077,8.151773806
20.125,14.77447031,14.65920602,14.97152248,0.1547118824,0.1536296477,0.154957668,0.008213411839,0.00817158488,0.008253103595,7.336567156,6.915788374,8.112334539
20.16666667,14.77473552,14.65943665,14.9716022,0.1547081681,0.1536222957,0.1549554577,0.008213238278,0.008171172617,0.008252836729,7.303288504,6.885317445,8.073092109
20.20833333,14.77500053,14.65966734,14.97168177,0.154704456,0.1536149578,0.1549532611,0.008213064809,0.008170761146,0.008252570003,7.27016675,6.854987289,8.034045516
20.25,14.77526534,14.65989807,14.97176118,0.1547007461,0.153607634,0.154951063,0.008212891431,0.008170350463,0.008252303416,7.237201125,6.824797211,7.99519376
20.29166667,14.77552996,14.66012885,14.97184045,0.1546970383,0.1536003243,0.1549488632,0.008212718146,0.008169940569,0.00825203697,7.204390859,6.794746524,7.95653585
20.33333333,14.77579438,14.66035968,14.97191956,0.1546933326,0.1535930286,0.1549466618,0.008212544951,0.008169531461,0.008251770663,7.171735191,6.764834542,7.918070797
20.375,14.77605861,14.66059055,14.97199852,0.1546896291,0.153585747,0.1549444587,0.008212371849,0.008169123138,0.008251504496,7.13923336,6.735060585,7.879797619
20.41666667,14.77632263,14.66082148,14.97207733,0.1546859277,0.1535784794,0.1549422541,0.008212198839,0.008168715599,0.008251238468,7.106884613,6.705423974,7.841715338
20.45833333,14.77658646,14.66105245,14.97215599,0.1546822285,0.1535712258,0.1549400478,0.00821202592,0.008168308841,0.00825097258,7.074688196,6.675924035,7.803822982
20.5,14.7768501,14.66128347,14.97223449,0.1546785315,0.1535639861,0.1549378399,0.008211853093,0.008167902864,0.008250706832,7.042643363,6.646560099,7.766119583
20.54166667,14.77711354,14.66151454,14.97231285,0.1546748366,0.1535567603,0.1549356303,0.008211680358,0.008167497665,0.008250441224,7.01074937,6.617331497,7.728604178
20.58333333,14.77737678,14.66174565,14.97239105,0.1546711438,0.1535495485,0.1549334192,0.008211507715,0.008167093244,0.008250175755,6.979005476,6.588237567,7.691275809
20.625,14.77763983,14.66197681,14.97246911,0.1546674532,0.1535423505,0.1549312065,0.008211335163,0.008166689599,0.008249910426,6.947410946,6.559277648,7.654133524
20.66666667,14.77790268,14.66220802,14.97254702,0.1546637647,0.1535351664,0.1549289922,0.008211162704,0.008166286728,0.008249645237,6.915965047,6.530451085,7.617176375
20.70833333,14.77816533,14.66243927,14.97262477,0.1546600784,0.1535279961,0.1549267763,0.008210990336,0.008165884631,0.008249380187,6.88466705,6.501757223,7.580403417
20.75,14.77842779,14.66267057,14.97270238,0.1546563942,0.1535208396,0.1549245589,0.00821081806,0.008165483305,0.008249115277,6.853516231,6.473195415,7.543813714
20.79166667,14.77869005,14.66290191,14.97277984,0.1546527122,0.1535136968,0.1549223399,0.008210645876,0.008165082749,0.008248850506,6.822511868,6.444765013,7.50740633
20.83333333,14.77895212,14.66313329,14.97285715,0.1546490323,0.1535065678,0.1549202571,0.008210473783,0.008164682961,0.008248585875,6.791653243,6.416465376,7.471180337
20.875,14.77921399,14.66336472,14.97293431,0.1546453546,0.1534994525,0.1549182134,0.008210301783,0.00816428394,0.008248321383,6.760939644,6.388295864,7.435134811
20.91666667,14.77947567,14.6635962,14.97301132,0.154641679,0.1534923509,0.1549161681,0.008210129874,0.008163885686,0.008248057031,6.730370358,6.36025584,7.399268833
20.95833333,14.77973715,14.66382772,14.97308819,0.1546380056,0.1534852629,0.154914121,0.008209958057,0.008163488195,0.008247792819,6.699944681,6.332344674,7.363581488
21,14.77999844,14.66405928,14.9731649,0.1546343343,0.1534781886,0.1549120722,0.008209786332,0.008163091467,0.008247528746,6.669661909,6.304561735,7.328071865
21.04166667,14.78025953,14.66429088,14.97324147,0.1546306651,0.1534711279,0.1549100216,0.008209614699,0.0081626955,0.008247264813,6.639521342,6.276906398,7.29273906
21.08333333,14.78052042,14.66452253,14.9733179,0.1546269982,0.1534640807,0.1549079694,0.008209443158,0.008162300293,0.008247001019,6.609522285,6.24937804,7.257582171
21.125,14.78078112,14.66475422,14.97339418,0.1546233333,0.1534570472,0.1549059155,0.008209271708,0.008161905844,0.008246737364,6.579664045,6.221976042,7.222600303
21.16666667,14.78104163,14.66498595,14.97347031,0.1546196706,0.1534500271,0.1549038599,0.008209100351,0.008161512152,0.00824647385,6.549945934,6.194699788,7.187792563
21.20833333,14.78130194,14.66521772,14.97354629,0.15461601,0.1534430206,0.1549018026,0.008208929085,0.008161119216,0.008246210474,6.520367266,6.167548665,7.153158066
21.25,14.78156206,14.66544954,14.97362213,0.1546123516,0.1534360275,0.1548997436,0.008208757912,0.008160727034,0.008245947238,6.49092736,6.140522064,7.118695927
21.29166667,14.78182198,14.66568139,14.97369782,0.1546086954,0.1534290479,0.154897683,0.00820858683,0.008160335604,0.008245684141,6.461625537,6.113619379,7.08440527
21.33333333,14.7820817,14.66591329,14.97377337,0.1546050412,0.1534220817,0.1548956207,0.00820841584,0.008159944925,0.008245421184,6.432461123,6.086840007,7.050285221
21.375,14.78234124,14.66614523,14.97384878,0.1546013893,0.1534151289,0.1548935567,0.008208244942,0.008159554996,0.008245158366,6.403433447,6.060183347,7.016334911
21.41666667,14.78260057,14.6663772,14.97392403,0.1545977394,0.1534081895,0.154891491,0.008208074136,0.008159165815,0.008244895688,6.374541839,6.033648802,6.982553475
21.45833333,14.78285972,14.66660922,14.97399915,0.1545940917,0.1534012635,0.1548894237,0.008207903421,0.008158777381,0.008244633149,6.345785637,6.00723578,6.948940053
21.5,14.78311866,14.66684128,14.97407412,0.1545904462,0.1533943507,0.1548874853,0.008207732799,0.008158389692,0.008244370749,6.317164178,5.98094369,6.915493789
21.54166667,14.78337742,14.66707337,14.97414894,0.1545868028,0.1533874513,0.154885575,0.008207562268,0.008158002747,0.008244108489,6.288676806,5.954771943,6.882213833
21.58333333,14.78363598,14.66730551,14.97422363,0.1545831615,0.1533805651,0.154883663,0.00820739183,0.008157616545,0.008243846368,6.260322864,5.928719957,6.849099336
21.625,14.78389434,14.66753768,14.97429817,0.1545795224,0.1533736922,0.1548817493,0.008207221483,0.008157231084,0.008243584386,6.232101704,5.902787149,6.816149457
21.66666667,14.78415252,14.66776989,14.97437256,0.1545758854,0.1533668325,0.1548798338,0.008207051229,0.008156846363,0.008243322544,6.204012676,5.876972941,6.783363357
21.70833333,14.78441049,14.66800214,14.97444682,0.1545722506,0.153359986,0.1548779165,0.008206881066,0.00815646238,0.008243060841,6.176055136,5.851276759,6.750740203
21.75,14.78466828,14.66823443,14.97452093,0.1545686179,0.1533531526,0.1548759975,0.008206710995,0.008156079134,0.008242799277,6.148228444,5.825698029,6.718279164
21.79166667,14.78492587,14.66846675,14.9745949,0.1545649874,0.1533463324,0.1548740768,0.008206541016,0.008155696623,0.008242537852,6.12053196,5.800236183,6.685979414
21.83333333,14.78518326,14.66869912,14.97466872,0.154561359,0.1533395254,0.1548721543,0.008206371129,0.008155314846,0.008242276567,6.092965051,5.774890655,6.653840134
21.875,14.78544047,14.66893151,14.97474241,0.1545577327,0.1533327314,0.1548702301,0.008206201334,0.008154933802,0.008242015421,6.065527085,5.74966088,6.621860504
21.91666667,14.78569748,14.66916395,14.97481595,0.1545541086,0.1533259505,0.1548683042,0.008206031631,0.008154553489,0.008241754414,6.038217434,5.7245463,6.590039714
21.95833333,14.78595429,14.66939642,14.97488936,0.1545504866,0.1533191826,0.1548663765,0.00820586202,0.008154173906,0.008241493546,6.011035472,5.699546355,6.558376954
22,14.78621091,14.66962893,14.97496262,0.1545468668,0.1533124278,0.1548644472,0.0082056925,0.008153795052,0.008241232818,5.983980578,5.674660493,6.526871419
22.04166667,14.78646734,14.66986147,14.97503574,0.1545432491,0.1533056859,0.1548625161,0.008205523073,0.008153416924,0.008240972228,5.957052134,5.649888161,6.49552231
22.08333333,14.78672358,14.67009404,14.97510872,0.1545396336,0.153298957,0.1548605833,0.008205353738,0.008153039523,0.008240711778,5.930249523,5.62522881,6.464328829
22.125,14.78697962,14.67032666,14.97518156,0.1545360202,0.1532922411,0.1548586643,0.008205184494,0.008152662845,0.008240451467,5.903572133,5.600681895,6.433290186
22.16666667,14.78723547,14.6705593,14.97525426,0.1545324089,0.1532855381,0.1548568726,0.008205015343,0.008152286891,0.008240191295,5.877019355,5.576246872,6.40240559
22.20833333,14.78749113,14.67079198,14.97532683,0.1545287998,0.153278848,0.154855079,0.008204846283,0.008151911658,0.008239931263,5.850590583,5.551923202,6.37167426
22.25,14.78774659,14.6710247,14.97539925,0.1545251928,0.1532721707,0.1548532838,0.008204677316,0.008151537145,0.008239671369,5.824285212,5.527710347,6.341095414
22.29166667,14.78800186,14.67125745,14.97547153,0.1545215879,0.1532655063,0.1548514867,0.00820450844,0.008151163351,0.008239411614,5.798102645,5.503607772,6.310668276
22.33333333,14.78825694,14.67149023,14.97554368,0.1545179852,0.1532588547,0.1548496879,0.008204339657,0.008150790274,0.008239151999,5.772042282,5.479402805,6.280392074
22.375,14.78851182,14.67172304,14.97561568,0.1545143847,0.1532522159,0.1548478873,0.008204170965,0.008150417913,0.008238892522,5.746103531,5.455245473,6.250266041
22.41666667,14.78876652,14.67195589,14.97568755,0.1545107862,0.1532455899,0.1548460849,0.008204002365,0.008150046267,0.008238633185,5.7202858,5.43119962,6.220289413
22.45833333,14.78902102,14.67218877,14.97575928,0.1545071899,0.1532389766,0.1548442808,0.008203833857,0.008149675334,0.008238373986,5.694588502,5.407264699,6.190461428
22.5,14.78927532,14.67242168,14.97583087,0.1545035958,0.1532323761,0.154842475,0.008203665442,0.008149305113,0.008238114927,5.66901105,5.383440169,6.160781331
22.54166667,14.78952944,14.67265463,14.97590233,0.1545000038,0.1532257882,0.1548406674,0.008203497118,0.008148935603,0.008237856007,5.643552864,5.359725491,6.131248369
22.58333333,14.78978336,14.6728876,14.97597365,0.1544964139,0.153219213,0.1548388581,0.008203328886,0.008148566802,0.008237597225,5.618213363,5.336120127,6.101861794
22.625,14.79003709,14.67312061,14.97604483,0.1544928262,0.1532126505,0.154837047,0.008203160746,0.008148198709,0.008237338583,5.592991973,5.312623545,6.072620861
22.66666667,14.79029063,14.67335365,14.97611587,0.1544892406,0.1532061006,0.1548352342,0.008202992698,0.008147831322,0.008237080079,5.567888119,5.289235213,6.043524829
22.70833333,14.79054398,14.67358672,14.97618678,0.1544856571,0.1531995633,0.1548334197,0.008202824743,0.00814746464,0.008236821715,5.542901231,5.265954603,6.014572961
22.75,14.79079713,14.67381981,14.97625756,0.1544820758,0.1531930386,0.1548316035,0.008202656879,0.008147098662,0.008236563489,5.518030742,5.24278119,5.985764525
22.79166667,14.79105009,14.67405294,14.97632819,0.1544784966,0.1531865264,0.1548298848,0.008202489107,0.008146733387,0.008236305402,5.493276087,5.219714452,5.95709879
22.83333333,14.79130287,14.6742861,14.97639869,0.1544749196,0.1531800267,0.1548281954,0.008202321427,0.008146368813,0.008236047455,5.468636705,5.196753868,5.92857503
22.875,14.79155544,14.67451929,14.97646906,0.1544713447,0.1531735396,0.1548265041,0.008202153839,0.008146004938,0.008235789646,5.444112036,5.173898921,5.900192524
22.91666667,14.79180783,14.6747525,14.97653929,0.1544677719,0.1531670649,0.1548248111,0.008201986343,0.008145641762,0.008235531976,5.419701524,5.151149097,5.871950554
22.95833333,14.79206003,14.67498575,14.97660939,0.1544642013,0.1531606027,0.1548231164,0.008201818939,0.008145279283,0.008235274444,5.395404617,5.128503884,5.843848405
23,14.79231203,14.67521902,14.97667935,0.1544606328,0.1531541529,0.1548214199,0.008201651627,0.0081449175,0.008235017052,5.371220763,5.105962773,5.815885366
23.04166667,14.79256385,14.67545233,14.97674917,0.1544570664,0.1531477156,0.1548197216,0.008201484407,0.008144556411,0.008234759798,5.347149415,5.083525258,5.788060729
23.08333333,14.79281547,14.67568566,14.97681887,0.1544535022,0.1531412906,0.1548180216,0.008201317279,0.008144196015,0.008234502684,5.323190028,5.061190834,5.760373792
23.125,14.7930669,14.67591901,14.97688843,0.1544499401,0.153134878,0.1548163199,0.008201150243,0.008143836311,0.008234245708,5.29934206,5.038959001,5.732823854
23.16666667,14.79331814,14.6761524,14.97695785,0.1544463801,0.1531284777,0.1548146164,0.008200983299,0.008143477297,0.00823398887,5.275604972,5.016829261,5.705410219
23.20833333,14.79356919,14.67638581,14.97702715,0.1544428223,0.1531220897,0.1548129111,0.008200816447,0.008143118973,0.008233732172,5.251978226,4.994801117,5.678132194
23.25,14.79382004,14.67661925,14.97709631,0.1544392666,0.153115714,0.1548112042,0.008200649687,0.008142761336,0.008233475612,5.228461289,4.972874075,5.65098909
23.29166667,14.79407071,14.67685272,14.97716533,0.154435713,0.1531093506,0.1548094955,0.008200483019,0.008142404386,0.008233219191,5.205053629,4.951047646,5.623980222
23.33333333,14.79432119,14.67708621,14.97723423,0.1544321616,0.1531029994,0.1548077851,0.008200316442,0.008142048121,0.008232962909,5.181754719,4.92932134,5.597104906
23.375,14.79457147,14.67731972,14.97730299,0.1544286123,0.1530966604,0.154806073,0.008200149958,0.00814169254,0.008232706765,5.158564031,4.907694673,5.570362465
23.41666667,14.79482157,14.67755327,14.97737162,0.1544250652,0.1530903337,0.1548043591,0.008199983566,0.008141337641,0.008232450761,5.135481043,4.88616716,5.543752224
23.45833333,14.79507147,14.67778684,14.97744012,0.1544215201,0.1530840191,0.1548027383,0.008199817266,0.008140983424,0.008232194894,5.112505234,4.864738322,5.51727351
23.5,14.79532118,14.67802043,14.97750849,0.1544179772,0.1530777166,0.1548011355,0.008199651058,0.008140629887,0.008231939167,5.089636085,4.84340768,5.490925656
23.54166667,14.79557071,14.67825405,14.97757672,0.1544144365,0.1530714263,0.1547995309,0.008199484942,0.008140277028,0.008231683578,5.066873083,4.822174759,5.464707997
23.58333333,14.79582004,14.67848769,14.97764483,0.1544108978,0.1530651481,0.1547979246,0.008199318918,0.008139924846,0.008231428127,5.044215712,4.801039085,5.438619871
23.625,14.79606918,14.67872136,14.9777128,0.1544073614,0.153058882,0.1547963165,0.008199152985,0.008139573341,0.008231172816,5.021663465,4.780000187,5.412660622
23.66666667,14.79631814,14.67895505,14.97778065,0.154403827,0.1530526279,0.1547947067,0.008198987145,0.00813922251,0.008230917643,4.999215832,4.759057598,5.386829594
23.70833333,14.7965669,14.67918876,14.97784836,0.1544002948,0.1530463858,0.1547930952,0.008198821397,0.008138872353,0.008230662608,4.976872308,4.738210851,5.361126135
23.75,14.79681547,14.6794225,14.97791594,0.1543967647,0.1530401558,0.154791482,0.008198655741,0.008138522868,0.008230407712,4.954632392,4.717459482,5.3355496
23.79166667,14.79706385,14.67965626,14.9779834,0.1543932367,0.1530339377,0.154789867,0.008198490177,0.008138174054,0.008230152954,4.932495583,4.696803032,5.310099342
23.83333333,14.79731205,14.67989004,14.97805072,0.1543897108,0.1530277316,0.1547882504,0.008198324704,0.00813782591,0.008229898336,4.910461383,4.67624104,5.284774721
23.875,14.79756005,14.68012384,14.97811792,0.1543861871,0.1530215375,0.154786632,0.008198159324,0.008137478434,0.008229643855,4.888529298,4.655773052,5.259575099
23.91666667,14.79780786,14.68035767,14.97818498,0.1543826656,0.1530153552,0.154785012,0.008197994036,0.008137131625,0.008229389513,4.866698835,4.635398612,5.234499842
23.95833333,14.79805549,14.68059152,14.97825192,0.1543791461,0.1530091849,0.1547833902,0.00819782884,0.008136785481,0.00822913531,4.844969504,4.615117269,5.209548318
24,14.79830292,14.68082539,14.97831873,0.1543756288,0.1530030264,0.1547817667,0.008197663735,0.008136440003,0.008228881245,4.823340817,4.594928574,5.1847199
24.04166667,14.79855016,14.68105928,14.97838541,0.1543721136,0.1529968798,0.1547801416,0.008197498723,0.008136095187,0.008228627318,4.801812289,4.57483208,5.160013962
24.08333333,14.79879722,14.6812932,14.97845197,0.1543686005,0.152990745,0.1547785147,0.008197333803,0.008135751034,0.00822837353,4.780383438,4.554827342,5.135429884
24.125,14.79904409,14.68152713,14.97851839,0.1543650896,0.152984622,0.1547768862,0.008197168974,0.008135407541,0.00822811988,4.759053783,4.534913918,5.110967046
24.16666667,14.79929076,14.68176108,14.97858469,0.1543615808,0.1529785107,0.1547752559,0.008197004238,0.008135064707,0.008227866369,4.737822847,4.515091368,5.086624834
24.20833333,14.79953725,14.68199506,14.97865086,0.1543580741,0.1529724113,0.154773624,0.008196839593,0.008134722532,0.008227612996,4.716690153,4.495359254,5.062402636
24.25,14.79978355,14.68222905,14.9787169,0.1543545696,0.1529663236,0.1547719905,0.008196675041,0.008134381013,0.008227359761,4.695655229,4.475717141,5.038299843
24.29166667,14.80002966,14.68246306,14.97878282,0.1543510671,0.1529602475,0.1547703552,0.00819651058,0.008134040151,0.008227134005,4.674717605,4.456164594,5.014315849
24.33333333,14.80027558,14.68269709,14.97884861,0.1543475668,0.1529541832,0.1547687183,0.008196346212,0.008133699942,0.008226972413,4.653876811,4.436701184,4.990450052
24.375,14.80052132,14.68293115,14.97891427,0.1543440687,0.1529481306,0.1547670797,0.008196181935,0.008133360387,0.008226810843,4.633132382,4.417326481,4.966701853
24.41666667,14.80076686,14.68316522,14.97897981,0.1543405726,0.1529420895,0.1547654395,0.008196017751,0.008133021484,0.008226649295,4.612483855,4.398040059,4.943070655
24.45833333,14.80101222,14.6833993,14.97904523,0.1543370787,0.1529360602,0.1547637976,0.008195853658,0.008132683231,0.008226487769,4.591930767,4.378841492,4.919555865
24.5,14.80125738,14.68363341,14.97911051,0.1543335869,0.1529300424,0.154762154,0.008195689658,0.008132345628,0.008226326266,4.57147266,4.359730359,4.896156892
24.54166667,14.80150236,14.68386753,14.97917567,0.1543300972,0.1529240361,0.1547605088,0.008195525749,0.008132008673,0.008226164785,4.551109078,4.340706241,4.87287315
24.58333333,14.80174715,14.68410168,14.97924071,0.1543266097,0.1529180415,0.1547588619,0.008195361932,0.008131672364,0.008226003326,4.530839565,4.321768717,4.849704055
24.625,14.80199176,14.68433584,14.97930562,0.1543231243,0.1529120584,0.1547572134,0.008195198207,0.008131336702,0.00822584189,4.510663669,4.302917374,4.826649025
24.66666667,14.80223617,14.68457001,14.97937041,0.154319641,0.1529060868,0.1547555633,0.008195034575,0.008131001684,0.008225680476,4.490580942,4.284151797,4.803707482
24.70833333,14.8024804,14.6848042,14.97943507,0.1543161598,0.1529001266,0.1547539115,0.008194871034,0.008130667309,0.008225519085,4.470590935,4.265471575,4.780878852
24.75,14.80272444,14.68503841,14.97949961,0.1543126807,0.152894178,0.1547522581,0.008194707585,0.008130333576,0.008225357717,4.450693202,4.246876298,4.758162561
24.79166667,14.80296829,14.68527264,14.97956402,0.1543092038,0.1528882408,0.154750603,0.008194544228,0.008130000484,0.008225196372,4.430887302,4.228365558,4.735558042
24.83333333,14.80321195,14.68550688,14.97962832,0.154305729,0.152882315,0.1547489463,0.008194380963,0.008129668031,0.008225035049,4.411172792,4.209938952,4.713064727
24.875,14.80345542,14.68574114,14.97969248,0.1543022563,0.1528764006,0.154747288,0.00819421779,0.008129336217,0.00822487375,4.391549234,4.191596075,4.690682054
24.91666667,14.80369871,14.68597541,14.97975653,0.1542987858,0.1528704976,0.1547456281,0.008194054709,0.00812900504,0.008224712474,4.372016191,4.173336526,4.668409461
24.95833333,14.80394181,14.6862097,14.97982045,0.1542953174,0.1528646059,0.1547439666,0.00819389172,0.008128674498,0.00822455122,4.35257323,4.155159906,4.646246392
25,14.80418472,14.686444,14.97988425,0.154291851,0.1528587256,0.1547423034,0.008193728822,0.008128344591,0.008224389991,4.333219918,4.137065819,4.624192292
25.04166667,14.80442745,14.68667831,14.97994793,0.1542883869,0.1528528566,0.1547406386,0.008193566017,0.008128015318,0.008224228784,4.313955824,4.119053868,4.602246609
25.08333333,14.80466999,14.68691265,14.98001148,0.1542849248,0.1528469989,0.1547389723,0.008193403304,0.008127686677,0.008224067601,4.294780522,4.101123662,4.580408794
25.125,14.80491234,14.68714699,14.98007491,0.1542814648,0.1528411524,0.1547373043,0.008193240682,0.008127358667,0.008223906441,4.275693586,4.083185532,4.558678301
25.16666667,14.8051545,14.68738135,14.98013822,0.154278007,0.1528353173,0.1547356347,0.008193078153,0.008127031286,0.008223745305,4.256694591,4.065227891,4.537054587
25.20833333,14.80539648,14.68761572,14.98020141,0.1542745513,0.1528294933,0.1547339636,0.008192915715,0.008126704535,0.008223584192,4.237783116,4.047352691,4.515537111
25.25,14.80563827,14.68785011,14.98026448,0.1542710977,0.1528236805,0.1547322908,0.008192753369,0.00812637841,0.008223423103,4.218958743,4.029559533,4.494125335
25.29166667,14.80587987,14.6880845,14.98032743,0.1542676462,0.152817879,0.1547306165,0.008192591115,0.008126052912,0.008223262038,4.200221053,4.011848021,4.472818725
25.33333333,14.80612129,14.68831891,14.98039025,0.1542641969,0.1528120885,0.1547289405,0.008192428954,0.008125728039,0.008223100997,4.181569632,3.99421776,4.451616749
25.375,14.80636252,14.68855334,14.98045296,0.1542607497,0.1528063093,0.154727263,0.008192266884,0.00812540379,0.00822293998,4.163004066,3.976668357,4.430518876
25.41666667,14.80660356,14.68878777,14.98051554,0.1542573045,0.1528005411,0.1547255839,0.008192104905,0.008125080163,0.008222778986,4.144523945,3.959199421,4.409524582
25.45833333,14.80684442,14.68902222,14.98057801,0.1542538615,0.152794784,0.1547239032,0.008191943019,0.008124757158,0.008222618017,4.126128859,3.941810565,4.38863334
25.5,14.80708509,14.68925668,14.98064035,0.1542504207,0.1527890381,0.154722221,0.008191781225,0.008124434772,0.008222457072,4.107818402,3.924501401,4.367844631
25.54166667,14.80732557,14.68949114,14.98070258,0.1542469819,0.1527833031,0.1547205372,0.008191619523,0.008124113006,0.008222296152,4.089592168,3.907271545,4.347157936
25.58333333,14.80756587,14.68972562,14.98076468,0.1542435453,0.1527775793,0.1547188518,0.008191457912,0.008123791858,0.008222135255,4.071449755,3.890120614,4.326572738
25.625,14.80780598,14.68996012,14.98082667,0.1542401107,0.1527718664,0.1547171649,0.008191296393,0.008123471326,0.008221974383,4.053390761,3.873048228,4.306088525
25.66666667,14.80804591,14.69019462,14.98088854,0.1542366783,0.1527661645,0.1547154764,0.008191134967,0.00812315141,0.008221813536,4.035414789,3.856054008,4.285704787
25.70833333,14.80828564,14.69042913,14.98095029,0.154233248,0.1527604736,0.1547137864,0.008190973632,0.008122832108,0.008221652713,4.01752144,3.839137577,4.265421014
25.75,14.8085252,14.69066365,14.98101192,0.1542298198,0.1527547936,0.1547120948,0.008190812389,0.00812251342,0.008221491915,3.99971032,3.82229856,4.245236702
25.79166667,14.80876457,14.69089818,14.98107343,0.1542263938,0.1527491246,0.1547104016,0.008190651238,0.008122195343,0.008221331142,3.981981037,3.805536584,4.225151348
25.83333333,14.80900375,14.69113272,14.98113482,0.1542229698,0.1527434664,0.1547087069,0.008190490178,0.008121877877,0.008221170393,3.964333198,3.788851279,4.205164453
25.875,14.80924274,14.69136727,14.9811961,0.154219548,0.1527378192,0.1547070107,0.008190329211,0.00812156102,0.00822100967,3.946766415,3.772242274,4.185275517
25.91666667,14.80948156,14.69160183,14.98125726,0.1542161283,0.1527321828,0.1547053129,0.008190168335,0.008121244773,0.008220848971,3.929280301,3.755709204,4.165484048
25.95833333,14.80972018,14.6918364,14.9813183,0.1542127107,0.1527265573,0.1547036136,0.008190007552,0.008120929132,0.008220688297,3.91187447,3.739251703,4.145789551
26,14.80995862,14.69207097,14.98137922,0.1542092952,0.1527209426,0.1547019128,0.00818984686,0.008120614097,0.008220527649,3.89454854,3.722869406,4.126191538
26.04166667,14.81019688,14.69230555,14.98144003,0.1542058818,0.1527153387,0.1547002105,0.00818968626,0.008120299668,0.008220367026,3.877302129,3.706561953,4.106689521
26.08333333,14.81043495,14.69254014,14.98150072,0.1542024705,0.1527097455,0.1546985066,0.008189525752,0.008119985842,0.008220206428,3.860134857,3.690328984,4.087283015
26.125,14.81067283,14.69277474,14.98156129,0.1541990614,0.1527041632,0.1546968012,0.008189365335,0.008119672619,0.008220045855,3.843046348,3.67417014,4.067971538
26.16666667,14.81091053,14.69300935,14.98162175,0.1541956543,0.1526985915,0.1546950943,0.008189205011,0.008119359997,0.008219885308,3.826036224,3.658085067,4.04875461
26.20833333,14.81114804,14.69324396,14.98168209,0.1541922494,0.1526930306,0.1546933859,0.008189044778,0.008119047976,0.008219724786,3.809104113,3.642073408,4.029631753
26.25,14.81138537,14.69347858,14.98174232,0.1541888466,0.1526874804,0.1546916759,0.008188884637,0.008118736554,0.00821956429,3.792249642,3.626134813,4.010602494
26.29166667,14.81162252,14.69371321,14.98180243,0.1541854458,0.1526819409,0.1546899645,0.008188724588,0.008118425729,0.00821940382,3.775472441,3.610268929,3.991666359
26.33333333,14.81185948,14.69394784,14.98186242,0.1541820472,0.1526764121,0.1546882515,0.008188564631,0.008118115502,0.008219243376,3.758772142,3.594475409,3.972822878
26.375,14.81209626,14.69418248,14.9819223,0.1541786508,0.1526708938,0.1546865371,0.008188404765,0.008117805871,0.008219082957,3.742148379,3.578753906,3.954071584
26.41666667,14.81233285,14.69441712,14.98198207,0.1541752564,0.1526653862,0.1546848212,0.008188244991,0.008117496834,0.008218922564,3.725600786,3.563104073,3.935412012
26.45833333,14.81256925,14.69465177,14.98204172,0.1541718641,0.1526598892,0.1546831037,0.00818808531,0.008117188391,0.008218762197,3.709129001,3.547525567,3.916843698
26.5,14.81280548,14.69488642,14.98210125,0.1541684739,0.1526544028,0.1546813848,0.008187925719,0.008116880539,0.008218601857,3.692732663,3.532018046,3.898366183
26.54166667,14.81304152,14.69512108,14.98216067,0.1541650859,0.1526489269,0.1546796644,0.008187766221,0.00811657328,0.008218441542,3.676411413,3.516581171,3.879979009
26.58333333,14.81327737,14.69535575,14.98221998,0.1541616999,0.1526434615,0.1546779425,0.008187606814,0.00811626661,0.008218281254,3.660164893,3.501214603,3.86168172
26.625,14.81351304,14.69559041,14.98227917,0.1541583161,0.1526380067,0.1546762192,0.0081874475,0.008115960529,0.008218120992,3.643992747,3.485918005,3.843473862
26.66666667,14.81374853,14.69582509,14.98233825,0.1541549344,0.1526325624,0.1546744943,0.008187288277,0.008115655036,0.008217960757,3.627894622,3.470691042,3.825354986
26.70833333,14.81398383,14.69605976,14.98239722,0.1541515547,0.1526271285,0.154672768,0.008187129145,0.00811535013,0.008217800548,3.611870165,3.455533382,3.807324641
26.75,14.81421895,14.69629444,14.98245607,0.1541481772,0.1526217051,0.1546710403,0.008186970106,0.008115045809,0.008217640365,3.595919027,3.440444691,3.789382382
26.79166667,14.81445388,14.69652912,14.98251481,0.1541448018,0.1526162921,0.154669311,0.008186811158,0.008114742072,0.008217480209,3.580040857,3.425424642,3.771527765
26.83333333,14.81468863,14.69676381,14.98257344,0.1541414285,0.1526108896,0.1546675803,0.008186652302,0.008114438919,0.00821732008,3.56423531,3.410472905,3.753760348
26.875,14.8149232,14.6969985,14.98263196,0.1541380573,0.1526054974,0.1546658482,0.008186493537,0.008114136348,0.008217159978,3.54850204,3.395589153,3.736079692
26.91666667,14.81515759,14.69723319,14.98269036,0.1541346882,0.1526001157,0.1546641145,0.008186334865,0.008113834359,0.008216999902,3.532840703,3.380773063,3.718485359
26.95833333,14.81539179,14.69746788,14.98274865,0.1541313212,0.1525947442,0.1546623795,0.008186176284,0.008113532949,0.008216839853,3.517250958,3.366024311,3.700976915
27,14.81562581,14.69770258,14.98280683,0.1541279563,0.1525893831,0.154660643,0.008186017795,0.008113232118,0.008216679832,3.501732465,3.351342574,3.683553927
27.04166667,14.81585964,14.69793728,14.98286489,0.1541245935,0.1525840324,0.154658905,0.008185859397,0.008112931865,0.008216519837,3.486284884,3.336727534,3.666215964
27.08333333,14.81609329,14.69817198,14.98292285,0.1541212329,0.1525786919,0.1546571656,0.008185701091,0.008112632188,0.00821635987,3.47090788,3.322178872,3.648962599
27.125,14.81632676,14.69840668,14.98298069,0.1541178743,0.1525733617,0.1546554248,0.008185542877,0.008112333087,0.00821619993,3.455601117,3.307696271,3.631793405
27.16666667,14.81656005,14.69864138,14.98303843,0.1541145178,0.1525680417,0.1546536825,0.008185384755,0.008112034561,0.008216040017,3.440364262,3.293279416,3.614707959
27.20833333,14.81679315,14.69887608,14.98309605,0.1541111634,0.152562732,0.1546519388,0.008185226724,0.008111736608,0.008215880132,3.425196983,3.278927993,3.598097252
27.25,14.81702607,14.69911078,14.98315356,0.1541078112,0.1525574325,0.1546501937,0.008185068785,0.008111439227,0.008215720274,3.410098949,3.264641692,3.583178219
27.29166667,14.81725881,14.69934549,14.98321096,0.154104461,0.1525521432,0.1546484471,0.008184910938,0.008111142417,0.008215560444,3.395069833,3.2504202,3.56832169
27.33333333,14.81749136,14.69958019,14.98326825,0.1541011129,0.1525468641,0.1546466992,0.008184753182,0.008110846177,0.008215400641,3.380109306,3.236263209,3.5535274
27.375,14.81772374,14.69981489,14.98332543,0.154097767,0.1525415951,0.1546449498,0.008184595518,0.008110550506,0.008215240866,3.365217045,3.222170413,3.538795086
27.41666667,14.81795593,14.70004959,14.9833825,0.1540944231,0.1525363363,0.154643199,0.008184437945,0.008110255403,0.008215081119,3.350392726,3.208141505,3.524124487
27.45833333,14.81818793,14.7002843,14.98343947,0.1540910813,0.1525310876,0.1546414468,0.008184280465,0.008109960867,0.0082149214,3.335636025,3.194176182,3.509515342
27.5,14.81841976,14.700519,14.98349632,0.1540877416,0.152525849,0.1546396932,0.008184123075,0.008109666897,0.008214761708,3.320946623,3.18027414,3.494967391
27.54166667,14.8186514,14.7007537,14.98355306,0.1540844041,0.1525206205,0.1546379381,0.008183965778,0.008109373491,0.008214602045,3.306324201,3.166435079,3.480480377
27.58333333,14.81888287,14.70098839,14.9836097,0.1540810686,0.152515402,0.1546361817,0.008183808572,0.008109080649,0.00821444241,3.291768441,3.152658699,3.466054041
27.625,14.81911415,14.70122309,14.98366622,0.1540777352,0.1525101936,0.1546344239,0.008183651458,0.008108788369,0.008214282803,3.277279028,3.138944701,3.451688127
27.66666667,14.81934524,14.70145778,14.98372264,0.154074404,0.1525049952,0.1546326647,0.008183494435,0.00810849665,0.008214123224,3.262855647,3.12529279,3.43738238
27.70833333,14.81957616,14.70169248,14.98377895,0.1540710748,0.1524998068,0.1546309041,0.008183337504,0.008108205492,0.008213963673,3.248497986,3.111702671,3.423136547
27.75,14.8198069,14.70192717,14.98383515,0.1540677477,0.1524946283,0.1546291421,0.008183180664,0.008107914893,0.008213804151,3.234205734,3.098174049,3.408950373
27.79166667,14.82003745,14.70216185,14.98389124,0.1540644227,0.1524894599,0.1546273787,0.008183023916,0.008107624852,0.008213644657,3.219978581,3.084706633,3.394823607
27.83333333,14.82026782,14.70239654,14.98394723,0.1540610998,0.1524843014,0.154625614,0.00818286726,0.008107335369,0.008213485192,3.205816219,3.071225608,3.380755999
27.875,14.82049801,14.70263122,14.9840031,0.154057779,0.1524791528,0.1546238478,0.008182710695,0.008107046441,0.008213325756,3.191718341,3.05774473,3.366747297
27.91666667,14.82072802,14.7028659,14.98405887,0.1540544603,0.1524740141,0.1546220803,0.008182554221,0.008106758068,0.008213166348,3.177684642,3.044325488,3.352797254
27.95833333,14.82095785,14.70310057,14.98411454,0.1540511437,0.1524688853,0.1546203115,0.00818239784,0.008106470249,0.008213006969,3.16371482,3.030967585,3.338905622
28,14.8211875,14.70333524,14.98417009,0.1540478292,0.1524637664,0.1546185412,0.008182241549,0.008106182983,0.008212847619,3.149808571,3.017670728,3.325072154
28.04166667,14.82141696,14.70356991,14.98422554,0.1540445168,0.1524586573,0.1546167696,0.008182085351,0.008105896269,0.008212688298,3.135965595,3.004434624,3.311296604
28.08333333,14.82164625,14.70380457,14.98428089,0.1540412065,0.1524535581,0.1546149967,0.008181929244,0.008105610106,0.008212529006,3.122185594,2.991258982,3.297578727
28.125,14.82187535,14.70403922,14.98433612,0.1540378982,0.1524484687,0.1546132223,0.008181773228,0.008105324492,0.008212369743,3.108468269,2.978143512,3.283918281
28.16666667,14.82210427,14.70427387,14.98439125,0.1540345921,0.152443389,0.1546114467,0.008181617304,0.008105039426,0.008212210509,3.094813325,2.965087927,3.270315023
28.20833333,14.82233302,14.70450852,14.98444628,0.154031288,0.1524383192,0.1546096696,0.008181461471,0.008104754909,0.008212051304,3.081220466,2.952091939,3.25676871
28.25,14.82256158,14.70474316,14.9845012,0.1540279861,0.1524332591,0.1546078913,0.00818130573,0.008104470937,0.008211892129,3.0676894,2.939155264,3.243279103
28.29166667,14.82278996,14.7049778,14.98455601,0.1540246862,0.1524282087,0.1546061116,0.00818115008,0.008104187512,0.008211732983,3.054219834,2.926277617,3.229845963
28.33333333,14.82301816,14.70521243,14.98461072,0.1540213884,0.152423168,0.1546043305,0.008180994522,0.00810390463,0.008211573866,3.040811479,2.913458716,3.21646905
28.375,14.82324618,14.70544705,14.98466533,0.1540180928,0.1524181371,0.1546025481,0.008180839055,0.008103622292,0.008211414779,3.027464046,2.900698281,3.203148127
28.41666667,14.82347402,14.70568167,14.98471982,0.1540147992,0.1524131158,0.1546007644,0.00818068368,0.008103340497,0.008211255722,3.014177246,2.887996031,3.189882958
28.45833333,14.82370168,14.70591628,14.98477422,0.1540115077,0.1524081042,0.1545989794,0.008180528396,0.008103059242,0.008211096694,3.000950794,2.875351689,3.176673307
28.5,14.82392916,14.70615088,14.98482851,0.1540082183,0.1524031022,0.154597193,0.008180373204,0.008102778528,0.008210937696,2.987784405,2.862764978,3.16351894
28.54166667,14.82415646,14.70638548,14.98488269,0.1540049309,0.1523981099,0.1545954053,0.008180218103,0.008102498353,0.008210778728,2.974677796,2.850235623,3.150419624
28.58333333,14.82438359,14.70662007,14.98493678,0.1540016457,0.1523931271,0.1545936163,0.008180063093,0.008102218717,0.00821061979,2.961630686,2.837763349,3.137375125
28.625,14.82461053,14.70685465,14.98499075,0.1539983625,0.152388154,0.1545918259,0.008179908175,0.008101939617,0.008210460881,2.948642792,2.825347885,3.124385213
28.66666667,14.82483729,14.70708922,14.98504463,0.1539950815,0.1523831904,0.1545900343,0.008179753348,0.008101661053,0.008210302003,2.935713837,2.812988958,3.111449657
28.70833333,14.82506387,14.70732379,14.9850984,0.1539918025,0.1523782364,0.1545882413,0.008179598613,0.008101383025,0.008210143155,2.922843543,2.8006863,3.098568228
28.75,14.82529027,14.70755835,14.98515207,0.1539885256,0.1523732919,0.1545864471,0.008179443969,0.008101105531,0.008209984337,2.910031632,2.788439641,3.085740696
28.79166667,14.8255165,14.7077929,14.98520563,0.1539852508,0.1523683569,0.1545846515,0.008179289416,0.00810082857,0.00820982555,2.897277831,2.776248715,3.072966835
28.83333333,14.82574254,14.70802744,14.98525909,0.1539819781,0.1523634314,0.1545828546,0.008179134955,0.00810055214,0.008209666793,2.884581865,2.764113256,3.060246417
28.875,14.8259684,14.70826197,14.98531245,0.1539787074,0.1523585154,0.1545810565,0.008178980585,0.008100276242,0.008209508066,2.871943462,2.752032999,3.047579217
28.91666667,14.82619409,14.70849649,14.98536571,0.1539754389,0.1523536089,0.154579257,0.008178826306,0.008100000874,0.00820934937,2.859362351,2.740007682,3.034965011
28.95833333,14.8264196,14.70873101,14.98541886,0.1539721724,0.1523487118,0.1545774563,0.008178672119,0.008099726035,0.008209190704,2.846838263,2.728037042,3.022403574
29,14.82664492,14.70896551,14.98547192,0.153968908,0.1523438241,0.1545756542,0.008178518023,0.008099451723,0.008209032069,2.834370928,2.71612082,3.009894684
29.04166667,14.82687007,14.7092,14.98552487,0.1539656457,0.1523389458,0.1545738509,0.008178364018,0.008099177939,0.008208873465,2.82196008,2.704258755,2.997438119
29.08333333,14.82709504,14.70943449,14.98557772,0.1539623855,0.1523340769,0.1545720463,0.008178210105,0.008098904681,0.008208714891,2.809605454,2.692450591,2.985033658
29.125,14.82731983,14.70966896,14.98563046,0.1539591274,0.1523292174,0.1545702404,0.008178056283,0.008098631947,0.008208556349,2.797306784,2.680696071,2.972681081
29.16666667,14.82754444,14.70990342,14.98568311,0.1539558713,0.1523243672,0.1545684333,0.008177902552,0.008098359738,0.008208397837,2.785063808,2.668994939,2.960380169
29.20833333,14.82776888,14.71013787,14.98573565,0.1539526174,0.1523195264,0.1545666249,0.008177748913,0.008098088051,0.008208239357,2.772876263,2.657346941,2.948130704
29.25,14.82799313,14.71037231,14.9857881,0.1539493655,0.1523146949,0.1545648152,0.008177595365,0.008097816886,0.008208080907,2.76074389,2.645751825,2.935932468
29.29166667,14.82821721,14.71060674,14.98584044,0.1539461157,0.1523098726,0.1545630042,0.008177441908,0.008097546242,0.008207922489,2.748666428,2.634209339,2.923785246
29.33333333,14.82844111,14.71084116,14.98589269,0.1539428679,0.1523050597,0.154561192,0.008177288542,0.008097276118,0.008207764102,2.73664362,2.622719234,2.911688822
29.375,14.82866483,14.71107556,14.98594483,0.1539396223,0.152300256,0.1545593786,0.008177135268,0.008097006513,0.008207664975,2.724675209,2.61128126,2.899642981
29.41666667,14.82888838,14.71130996,14.98599687,0.1539363787,0.1522954616,0.1545575638,0.008176982084,0.008096737426,0.008207601292,2.71276094,2.599895169,2.887647511
29.45833333,14.82911174,14.71154434,14.98604881,0.1539331372,0.1522906763,0.1545557479,0.008176828992,0.008096468856,0.008207537527,2.700900557,2.588560715,2.875702197
29.5,14.82933493,14.71177871,14.98610066,0.1539298978,0.1522859003,0.1545539306,0.008176675992,0.008096200802,0.008207473679,2.689093809,2.577277654,2.86380683
29.54166667,14.82955794,14.71201306,14.9861524,0.1539266605,0.1522811335,0.1545521122,0.008176523082,0.008095933263,0.00820740975,2.677340443,2.56604574,2.851961197
29.58333333,14.82978077,14.71224741,14.98620404,0.1539234252,0.1522763759,0.1545502925,0.008176370263,0.008095666238,0.00820734574,2.665640209,2.554864731,2.840165089
29.625,14.83000342,14.71248174,14.98625559,0.153920192,0.1522716274,0.1545484715,0.008176217536,0.008095399725,0.008207281648,2.653992858,2.543734386,2.828418297
29.66666667,14.8302259,14.71271605,14.98630704,0.1539169609,0.152266888,0.1545466494,0.0081760649,0.008095133725,0.008207217474,2.642398141,2.532654464,2.816720613
29.70833333,14.8304482,14.71295036,14.98635838,0.1539137319,0.1522621578,0.154544826,0.008175912355,0.008094868236,0.008207153219,2.630855811,2.521624727,2.805071829
29.75,14.83067032,14.71318465,14.98640963,0.1539105049,0.1522574367,0.1545430013,0.008175759901,0.008094603257,0.008207088883,2.619365623,2.510644936,2.793471739
29.79166667,14.83089227,14.71341892,14.98646078,0.15390728,0.1522527246,0.1545411755,0.008175607539,0.008094338786,0.008207024466,2.607927333,2.499714854,2.781920137
29.83333333,14.83111404,14.71365318,14.98651183,0.1539040572,0.1522480216,0.1545393484,0.008175455267,0.008094074824,0.008206959969,2.596540696,2.488834246,2.770416819
29.875,14.83133563,14.71388743,14.98656279,0.1539008365,0.1522433277,0.1545375201,0.008175303086,0.008093811369,0.008206895391,2.585205471,2.478002878,2.758961582
29.91666667,14.83155704,14.71412166,14.98661364,0.1538976178,0.1522386428,0.1545356906,0.008175150997,0.00809354842,0.008206830732,2.573921417,2.467220516,2.747554221
29.95833333,14.83177828,14.71435588,14.9866644,0.1538944012,0.1522339669,0.1545338599,0.008174998999,0.008093285977,0.008206765993,2.562688294,2.456486928,2.736194535
30,14.83199934,14.71459008,14.98671506,0.1538911867,0.1522293,0.1545320279,0.008174847092,0.008093024037,0.008206701174,2.551505864,2.445801884,2.724882324
